Year,Population requiring PC for LF,Reported number of people treated,Programme (drug) coverage (%),National coverage (%),CountryCode,GDP_per_capita,HealthExp_per_capita,Pct_with_improved_sanitation
2000,1600000.0,51722,67.17142857142858,3.232625,TGO,409.889802792768,11.22799778,9.60294075298278
2000,4000000.0,114947,23.94729166666667,2.873675,GHA,253.746936203344,16.27483559,6.24573244330994
2000,80000000.0,159698,38.55223325720962,0.19962249999999998,NGA,547.318298903379,17.65198708,27.9946355957726
2000,11000000.0,37240,100,0.3385454545454546,TZA,401.698150634766,12.25793076,6.4545572257458
2001,6015806.0,393677,68.48533663631588,6.544044139721262,GHA,263.542156494853,19.207201,6.34852886366336
2001,80000000.0,675701,32.32680403345295,0.8446262499999999,NGA,566.428231812933,18.48871803,28.0339081146668
2001,456250.0,53308,85.65047638940214,11.683945205479453,COM,691.699908770798,45.25306702,30.4360322594528
2001,1100816.0,342398,74.7044205464538,31.104017383468264,TGO,396.692654520135,11.21350384,9.885647726804
2001,12000000.0,431399,77.23524398802618,3.5949916666666666,BFA,259.485223380436,7.52252769,10.5063052772592
2001,34000000.0,955403,59.098323490860324,2.8100088235294116,TZA,396.638732910156,15.08091736,7.66547439187183
2002,456250.0,245224,56.85694412242059,53.747726027397256,COM,762.116930318449,51.05594635,31.0518318596718
2002,1123757.0,556974,78.50730490305939,49.5635622292008,TGO,445.238691488925,12.65094852,10.17042045101
2002,6015806.0,1223122,74.12860606060606,20.331805912624176,GHA,297.46164468774,19.75684166,7.23251503810142
2002,12429409.0,733375,75.97198036304947,5.900320763440965,UGA,241.984688408335,15.7368412,16.8151542285613
2002,2987266.0,480900,81.19566483699239,16.09833205345624,KEN,402.936385605382,22.33303261,28.7335944914558
2002,34000000.0,2078204,69.22035158355155,6.112364705882353,TZA,402.649047851563,16.92565536,8.88565368804983
2002,12793884.0,1786125,68.36779298486827,13.960772193963928,BFA,285.654087637533,8.51982498,11.3937425930332
2002,80000000.0,2168355,53.72417548874058,2.71044375,NGA,712.164852077686,18.06385422,28.6863473284877
2002,3430000.0,224971,77.81932520218338,6.558921282798834,BEN,546.463829658159,17.4725647,9.42522879725803
2003,13116285.0,5504199,77.80833548203235,41.96461879259257,BFA,362.373899996953,11.43507481,12.2686574331796
2003,3430000.0,678638,80.85559636896969,19.78536443148688,BEN,676.002878084282,21.76790237,9.87676965998667
2003,1060569.0,855132,80.62954885537857,80.62954885537857,TGO,538.16537776929,15.46995354,10.4570598974873
2003,80000000.0,3112889,71.86794757631537,3.89111125,NGA,763.388745367223,39.0772438,29.3592591376198
2003,2987266.0,1153468,79.49518639329948,38.61283193394897,KEN,442.898457253405,25.71190262,29.103314991973
2003,6000000.0,2681404,70.98378605041233,44.69006666666667,GHA,358.39927142073,23.23123741,8.13639297693297
2003,545537.0,374556,68.65822116556714,68.65822116556714,COM,959.787894504834,63.81992722,31.6201289990803
2003,34000000.0,2335561,60.45562497007065,6.86929705882353,TZA,422.18359375,20.26038742,10.1362371194278
2003,12429409.0,0,0,0,UGA,250.71543664681,14.2323103,17.0321532501804
2004,13194581.0,6239697,74.27177982870953,47.28984573288079,BFA,403.81283743461,17.09873199,13.1317299489599
2004,545537.0,397314,77.6921948787141,72.82989054821213,COM,1091.27216412426,70.50469971,32.1413169353801
2004,1063185.0,889393,83.5398677290672,83.65364447391565,TGO,560.266308533382,16.90148544,10.7455796253713
2004,2987266.0,0,0,0,KEN,463.662781300121,27.75096512,29.4748031581827
2004,4362588.0,1127825,76.73380328741064,25.852200574521362,BEN,758.695803786371,25.34852219,10.3400677635835
2004,80000000.0,3236206,77.12186003416404,4.0452575,NGA,962.48104194733,44.16435242,30.0532638422315
2004,12429409.0,1158772,53.456314737424336,9.32282460091224,UGA,292.38185796262,18.61294365,17.2487008096089
2004,10205132.0,3971869,73.85205265088712,38.920309898980236,GHA,406.132105329565,25.61305428,9.05994534742738
2004,34000000.0,4225469,65.31094140566313,12.42785,TZA,450.385284423828,23.29498863,11.3353000997634
2005,572171.0,0,0,0,COM,1103.20658498402,67.78135681,32.6181080742434
2005,12429409.0,3483384,70.8751227664742,28.025338936066873,UGA,330.405402707025,25.88375473,17.4642525560946
2005,13590357.0,10493483,77.21271045344872,77.21271045344872,BFA,441.164148016012,17.50115776,13.9805995453405
2005,2987266.0,1213229,72.30967014418675,40.61335682861854,KEN,523.456312433863,31.13827515,29.848047955005
2005,1064633.0,926769,84.75486295920327,87.05056108536932,TGO,551.259850017077,17.79439926,11.1773052397302
2005,15821728.0,585550,81.36684629301791,3.700923186139972,MDG,305.812074924388,16.26181221,6.12117429647739
2005,10205132.0,5135002,74.41638232180472,50.317840082813234,GHA,478.611909191028,39.75449371,10.0024406425603
2005,11408323.0,476836,83.150554266114,4.179720367314284,MLI,461.457920288884,24.62482452,22.1609320906388
2005,34126624.0,928339,79.91699587389778,2.7202778686810625,TZA,483.334869384766,27.53238869,12.5338225447733
2005,80000000.0,3400000,64.15094339622641,4.25,NGA,1211.37703504386,53.92662048,30.7689136768009
2005,4799900.0,1516490,75.414133989894,31.594199879164147,BEN,779.437777753268,25.97800064,10.814694218731
2006,80000000.0,3344896,74.35425379574151,4.18112,NGA,1599.53891556365,65.7237854,31.5068482626807
2006,1118424.0,954216,85.31791163279759,85.31791163279759,TGO,552.50227125256,18.60928154,11.6195512765709
2006,10510647.0,6032545,70.87287117164523,57.39461138786223,GHA,906.441027564887,45.96789932,10.9638541974486
2006,12429409.0,0,0,0,UGA,346.518255310647,31.62604523,17.6794433895241
2006,15821728.0,2130005,77.18600769539067,13.462530767814995,MDG,324.146874882604,16.76423645,6.60626040079226
2006,4799900.0,1461523,78.40292299092654,30.449030188128916,BEN,809.147072506221,27.52271461,11.3007400084745
2006,38531568.0,6067789,71.99015689013538,15.74757871260261,TZA,475.746734619141,35.36390686,13.7317612866965
2006,13938935.0,11127329,79.82911893914421,79.82911893914421,BFA,455.513655620024,20.64653969,14.8159146955023
2006,12299691.0,2316180,78.23806438667948,18.83120478392506,MLI,493.628706470251,27.65656662,23.6069559732511
2006,572171.0,29248,77.32247660339449,5.111758547706892,COM,1154.90422349749,65.70906067,33.0502370446673
2006,2987266.0,0,0,0,KEN,699.80237063381,41.07886505,30.2231399084341
2007,4799900.0,1485608,80.90132389707463,30.950811475239064,BEN,912.338247188342,27.74564934,11.7983015321379
2007,37369939.0,6393215,68.53315047006822,17.10790857860378,TZA,543.198303222656,35.99416351,14.9287973517559
2007,12990930.0,4527977,80.45862001748847,34.854910310501246,MLI,564.157958339126,30.42856026,25.0829117113185
2007,4248592.0,472405,78.68118800007994,11.119095455623887,SEN,1188.93877808175,41.32680893,44.2305886798635
2007,15821728.0,2906529,79.53999441186829,18.370490252392152,MDG,419.548001431865,19.71751213,7.09404605387567
2007,3031878.0,0,0,0,KEN,840.201439476765,50.38684845,30.6001210320194
2007,514110.0,345973,72.64006349153026,67.29552041391919,COM,1289.73631056361,69.87508392,33.4374468041965
2007,1173631.0,966532,85.58371652140497,82.35399371693488,TGO,607.588224471809,22.96606827,12.0722256956924
2007,10555253.0,2223903,72.2230034453564,21.06915864546307,NER,387.168065883301,20.83684349,8.99542619140241
2007,4967802.0,1177214,61.32658047429076,23.69687841826224,SLE,578.648417351785,30.97717667,10.7956030782782
2007,14333866.0,11613507,81.02145645843208,81.02145645843208,BFA,514.684451177238,27.04532623,15.5707854905595
2007,12839562.0,4923440,71.43389828246065,38.345856346190004,UGA,401.389130865581,36.13018799,17.893860360696
2007,10510647.0,5932174,63.931625773863054,56.43966541736203,GHA,1050.12461524926,54.75652313,11.9437515914647
2007,80000000.0,3414800,74.78634818445781,4.2685,NGA,1815.52697545827,69.15039063,32.267693402297
2008,514110.0,0,0,0,COM,1455.02768595586,73.73594666,33.7793067711292
2008,1205317.0,936848,85.29726412663554,77.72627449874182,TGO,718.948786366771,27.6753788,12.5354529601089
2008,40420017.0,3140683,71.5990332129029,7.770117959129013,TZA,675.977233886719,36.01263428,16.1250365499333
2008,13264445.0,6450542,62.444374723440646,48.630319625133204,UGA,472.842681495852,40.08214951,18.107742128752
2008,63306769.0,3884644,73.35464243368634,6.136222178705724,NGA,2154.10543545364,80.09986115,33.0520742471129
2008,5319758.0,3179107,70.07666292011243,59.760368798731065,SLE,650.684422202761,36.24853897,11.4555103768436
2008,12887248.0,2704323,80.51417523317741,20.98448792170369,MWI,554.048820396119,32.93960953,18.4488656942881
2008,15411849.0,12041890,81.78007830775492,78.1339734122752,BFA,619.437533256264,28.90426254,16.2596775904484
2008,13332921.0,5066874,61.631295804978016,38.002730234432505,MLI,658.493183322369,34.10325623,26.5889043994531
2008,3031878.0,1092068,62.67071973298886,36.01952321300527,KEN,915.54435473604,55.4166069,30.979034639325
2008,5314600.0,447593,75.30849034064333,8.421950852368946,SEN,1398.79218010021,49.78118515,45.3148396181609
2008,5282204.0,904775,84.10245017433522,17.128740200113437,BEN,1060.60254502099,29.14166451,12.3071178648893
2008,10355501.0,3849412,58.72511638883918,37.17262931074025,NER,475.044955398162,24.71139526,9.48812752048888
2008,11378229.0,7228639,70.64202037081829,63.5304404578252,GHA,1182.65761256016,61.90890884,12.9418000356966
2008,14305000.0,1165251,77.29460812115062,8.145760223698009,CMR,1492.14269801453,53.99885559,39.7329093241941
2008,17389792.0,4891862,75.40985223907447,28.130652741562407,MDG,512.579800058444,21.33732986,7.58477424817969
2009,,0,0,0,MUS,7318.12640972422,301.46151733,93.8117044078618
2009,,0,0,0,RWA,564.039095842449,44.08419418,57.6054507159274
2009,514110.0,0,0,0,COM,1410.30516959473,69.42589569,34.0757324816563
2009,11465194.0,6523176,72.53345644674155,56.895469889127035,NER,461.131533961487,24.40502357,9.97724246979752
2009,410000.0,0,0,0,STP,1128.28046213305,76.35579681,31.8267788469795
2009,13798000.0,9730857,85.08506270470424,70.52367734454269,MLI,662.883388148082,35.57579422,28.1230644263015
2009,70650902.0,4754864,57.33055052165662,6.730082511897725,NGA,1820.48633854782,68.00685883,33.8602865376741
2009,12887248.0,10805518,82.78134751767074,83.84659005553397,MWI,625.869729869625,35.80582047,20.7030013060694
2009,2600000.0,0,0,0,COG,2271.15219175966,48.9272995,15.5506898875387
2009,15538610.0,1607688,71.75586488176508,10.346408076398083,MOZ,547.697144193651,27.63411713,20.0645617499618
2009,1200000.0,0,0,0,GMB,774.888030908091,34.4699173,46.3534895570565
2009,1290600.0,0,0,0,GAB,7290.57526093114,283.02966309,42.9671451534089
2009,13264445.0,0,0,0,UGA,798.947089938247,44.42161942,18.3208073608516
2009,5314600.0,412461,66.84239099608631,7.760903925036692,SEN,1308.69404336205,50.8613205,46.3960167988497
2009,49140000.0,0,0,0,COD,280.798051526498,13.18276978,19.8835864068139
2009,3600000.0,0,0,0,LBR,448.386367025545,52.30115128,15.4613878781595
2009,3031878.0,0,0,0,KEN,1047.9678324485,55.28591537,31.3598599769359
2009,,0,0,0,SYC,9747.09180546291,329.66345215,97.6044932196753
2009,1311741.0,0,0,0,GNB,583.190020139094,27.59508705,12.2823572765206
2009,420000.0,0,0,0,GNQ,13232.5019378102,255.58073425,63.0143172996571
2009,1191720.0,329660,82.57395486311148,27.66253818010942,TGO,720.694168794129,29.0416832,13.0082555482649
2009,5319758.0,3476726,74.05623051131369,65.35496539504241,SLE,624.898797932327,37.96392822,12.1362209658532
2009,6067135.0,0,0,0,GIN,662.185914665681,24.00493431,16.841000124284
2009,3577000.0,0,0,0,ERI,642.92572288007,22.65766335,11.0220410741386
2009,11587953.0,7204038,74.82994299596363,62.16833982671487,GHA,1047.70430093586,61.81399536,13.9573276526153
2009,17948748.0,5046639,74.64391109417727,28.116941638491998,MDG,446.315238370592,19.96823883,8.07809185945002
2009,14000000.0,914720,78.88284941354424,6.533714285714286,CIV,1540.45393569596,72.83110809,26.7970814130263
2009,12090000.0,0,0,0,AGO,3136.64546955947,120.0315094,39.7942707753161
2009,30000000.0,77442,78.19501802356696,0.25814000000000004,ETH,368.574712267445,15.36375141,5.56530539724539
2009,37369939.0,4396112,73.23390590149292,11.763765522871203,TZA,693.823547363281,33.38547516,17.3196247396948
2009,6000000.0,0,0,0,ZWE,735.444551727601,98.24945831,41.7711991394054
2009,,0,0,0,CPV,3659.72046361628,127.79914856,57.4769273640947
2009,14305000.0,616160,74.61524395634204,4.307305138063614,CMR,1461.38999232337,50.604702,39.9666331909279
2009,15411849.0,12326907,79.98331024395581,79.98331024395581,BFA,601.569520671859,30.68659401,16.9336302229932
2009,7270000.0,0,0,0,TCD,781.143474044293,36.02885056,10.4835850614972
2009,8780000.0,0,0,0,ZMB,1136.24168316848,59.36890793,27.5935099893468
2009,,0,0,0,BDI,199.097633037708,18.82117844,45.9285444534239
2009,5282204.0,908775,85.0737675759675,17.204466166017063,BEN,1024.10277858112,30.67226219,12.8267358396861
2009,3300000.0,0,0,0,CAF,456.471673898404,21.82637405,18.3030851796557
2010,30000000.0,73435,72.69856355122609,0.24478333333333335,ETH,330.619412798644,16.40672684,5.88367348842843
2010,1290600.0,0,0,0,GAB,8356.74662013345,207.93783569,44.0184608469988
2010,16819434.0,3676469,69.83985234440864,21.858458495095615,CMR,1398.58702025047,49.50485611,40.2024295671356
2010,3300000.0,193919,47.84449472133744,5.876333333333333,CAF,476.873786950728,16.40023994,17.9009514050434
2010,3577000.0,0,0,0,ERI,539.699512069686,24.43300056,11.2019449777584
2010,1191720.0,0,0,0,TGO,704.987164181378,31.36204338,13.4914168494847
2010,,0,0,0,CPV,3579.46006137809,142.87771606,59.6818525468582
2010,420000.0,0,0,0,GNQ,13720.1658723222,241.66999817,63.8311923686012
2010,,0,0,0,BDI,216.727705301976,25.12049484,45.930071391903
2010,8780000.0,0,0,0,ZMB,1451.10616017155,58.39817047,28.4217753410918
2010,11925399.0,7491873,75.17424726645869,62.82282882107341,GHA,1263.89251760539,71.6121521,14.9904419527654
2010,49140000.0,0,0,0,COD,314.53858629844,12.53950882,19.4987268908352
2010,1200000.0,0,0,0,GMB,801.033372714536,32.81699753,46.3547751187486
2010,6127337.0,4760021,77.68498778506878,77.68498778506878,SLE,648.129229488008,36.55500031,12.8377260886087
2010,1311741.0,0,0,0,GNB,600.194298540768,31.5948391,13.4760634593862
2010,12090000.0,0,0,0,AGO,3597.34293216332,96.66415405,41.0607923213848
2010,88966825.0,10489790,48.94373434171575,11.790675906440406,NGA,2202.25672957344,75.58924866,34.6931332709606
2010,11465194.0,7802679,72.73644979692058,68.05535955170056,NER,474.425692340831,23.33815765,10.4624965004898
2010,17118460.0,3739881,74.35454128846204,21.84706451398081,MOZ,496.185839392659,26.17583847,21.3170069551163
2010,,0,0,0,MUS,8000.37643182154,357.00109863,94.2335664258149
2010,,0,0,0,RWA,593.624927744346,48.02530289,58.9727043706858
2010,410000.0,0,0,0,STP,1045.20958234528,74.38393402,33.1528174421221
2010,15039794.0,10046835,84.79735024818001,66.80167959747321,MLI,670.369098976461,32.20446396,29.6838043988009
2010,5282204.0,946317,85.61049417618455,17.91519221900555,BEN,973.244254493089,30.38452339,13.3574318576564
2010,13065294.0,10797082,82.63941094628258,82.63941094628258,MWI,683.124694716799,34.2412796,22.9502207251724
2010,18602379.0,6868762,66.33046734711911,36.92410524481842,MDG,450.009391645726,21.57974052,8.57423264087617
2010,6000000.0,0,0,0,ZWE,901.554443558321,98.24945831,41.1551678278732
2010,5314600.0,0,0,0,SEN,1275.88357492357,51.81986618,47.4746195159613
2010,3600000.0,0,0,0,LBR,492.252808033724,50.63946533,15.9511988042973
2010,15411849.0,0,0,0,BFA,624.957252224766,32.8663559,17.5931679395271
2010,3031878.0,0,0,0,KEN,1091.51873101194,58.93074799,31.74269809332
2010,,0,0,0,SYC,10934.79494629,472.47903442,97.8470890468718
2010,6067135.0,0,0,0,GIN,659.235326211315,22.8732872,17.8258881812328
2010,14704200.0,9183256,72.42442257269805,62.45328545585615,UGA,823.488144282,51.96447372,18.5332942492702
2010,37369939.0,4465654,73.27444669896505,11.949856273514389,TZA,736.530151367188,36.89682007,18.5129732606357
2010,514110.0,0,0,0,COM,1386.5742428453,69.0898819,34.3266154418974
2010,7270000.0,0,0,0,TCD,866.439680905028,36.498703,10.6144009031658
2010,2600000.0,0,0,0,COG,2946.55798067708,54.86231995,16.0823109686403
2010,14000000.0,2458436,31.484721604293664,17.560257142857143,CIV,1553.54887048143,71.98825836,27.5606050351637
2011,12150323.0,7761897,73.79332480037176,63.88222765765157,GHA,1507.43573198753,95.87026215,16.0404640405783
2011,1582496.0,264712,73.95574032011577,16.727498837279843,GNB,719.539573498937,44.70295334,14.6859905747985
2011,420000.0,0,0,0,GNQ,17198.2136668275,266.68746948,64.6283691531245
2011,16166882.0,11926872,79.83102174295875,73.77348334700532,MLI,789.06272549554,32.52751923,31.2702844442832
2011,1191720.0,0,0,0,TGO,783.989380490906,35.2552681,13.9893165783066
2011,5812099.0,531313,84.20668089887997,9.141499482372891,BEN,1059.41358915783,32.9503212,13.8991204082012
2011,16673025.0,7943616,77.99348334124367,47.643519997121096,CMR,1513.96056994878,57.71255493,40.4400396496545
2011,3300000.0,0,0,0,CAF,534.057281471636,18.9371357,17.504011935079
2011,3577000.0,0,0,0,ERI,688.68165957684,33.27035522,11.3735399803252
2011,7270000.0,0,0,0,TCD,954.316872911808,38.68487549,10.7545445031211
2011,14104061.0,11258343,79.82341397984595,79.82341397984595,MWI,763.061000394572,39.60096741,25.1902515685701
2011,8780000.0,0,0,0,ZMB,1624.86817763443,65.0934906,29.2415052848176
2011,2600000.0,0,0,0,COG,3396.16505817952,59.84463501,16.6267536896129
2011,30000000.0,84929,81.74424424424424,0.28309666666666666,ETH,343.024942351887,14.83500671,6.19978430281278
2011,1200000.0,0,0,0,GMB,710.608411468152,30.82727623,46.3775404309418
2011,16570898.0,12825582,81.30330671692684,77.39823152613697,BFA,725.024767725475,33.8243866,18.2380244727644
2011,18602379.0,0,0,0,MDG,506.163691559309,23.37224197,9.07317357345326
2011,3421741.0,1259903,58.26903590157695,36.82052499005623,KEN,1096.14499807675,57.18780136,32.1277605077796
2011,6000000.0,0,0,0,ZWE,1037.25491018154,87.49465179,40.5413106062604
2011,5314600.0,0,0,0,SEN,1374.67591873844,58.30465698,48.5501486192775
2011,1290600.0,0,0,0,GAB,10219.1139339454,262.77456665,45.0801946872977
2011,514110.0,0,0,0,COM,1531.43789372951,80.95452881,34.5313813628435
2011,410000.0,0,0,0,STP,1219.80189089671,84.74559784,34.4829426011606
2011,3600000.0,0,0,0,LBR,568.087865520004,54.34541321,16.4501799867755
2011,14203400.0,8766071,63.77917740951975,61.71811678893786,UGA,835.620060555838,55.3051796,18.7450509527494
2011,17114949.0,8496428,81.31160029169642,49.643314741983744,MOZ,618.17649286789,30.28253746,22.5867672282022
2011,106124877.0,19887248,57.74711585253405,18.73947802078489,NGA,2418.41316975875,83.10647583,35.5499398732214
2011,14000000.0,0,0,0,CIV,1596.62826565998,72.44979095,28.3316063644831
2011,11605401.0,7394521,63.71620969548658,63.716204205266145,NER,510.75956176268,24.68768311,10.9435748894921
2011,6067135.0,0,0,0,GIN,636.694958747648,24.42393684,18.8300747464885
2011,49140000.0,0,0,0,COD,364.714191777632,12.27988434,19.1224516966063
2011,12090000.0,0,0,0,AGO,4615.91059831778,121.91368866,42.3266654473422
2011,43956328.0,10912153,76.19968478688199,24.824987655929768,TZA,775.392761230469,37.43364334,19.7043086556293
2011,6312745.0,5074218,80.3805317654998,80.3805317654998,SLE,718.161680687537,47.91463089,13.560179661658
2012,12090000.0,0,0,0,AGO,5086.02740086376,121.79575348,43.5914724861148
2012,1290600.0,0,0,0,GAB,9296.96587941088,226.32527161,46.1524575071287
2012,16779208.0,12437078,81.03005579226726,74.12196094118387,BFA,731.470138867833,33.78236771,18.8675829272628
2012,14807685.0,11877822,80.21390244322458,80.21390244322458,MWI,558.46208832772,32.80570221,27.422603378864
2012,6067135.0,0,0,0,GIN,699.353377212197,23.99205208,19.8535692875928
2012,108526381.0,15815548,52.925594713821496,14.57299861496349,NGA,2633.19734671361,91.06047821,36.4309333257504
2012,8780000.0,0,0,0,ZMB,1710.05061343728,69.96878815,30.0534088180325
2012,1200000.0,0,0,0,GMB,692.579361628102,29.30704689,46.4212039686368
2012,30000000.0,987414,78.63078932280054,3.29138,ETH,452.101031885754,20.28753662,6.51408999312917
2012,3421741.0,0,0,0,KEN,1285.00536171512,64.72195435,32.5150753685583
2012,410000.0,0,0,0,STP,1210.79264672325,86.12266541,35.8167422474695
2012,5314600.0,0,0,0,SEN,1326.83798848379,56.95115662,49.62215098708
2012,18602379.0,907295,66.88001851686678,4.877306284319872,MDG,493.511162904211,19.71853828,9.57497722568056
2012,6000000.0,0,0,0,ZWE,1238.60109002194,89.26095581,39.9294247255203
2012,45173251.0,14338713,65.77590120728878,31.741600798224596,TZA,861.969909667969,41.63511276,20.8937174720611
2012,17114949.0,0,0,0,MOZ,685.685748199513,35.03115845,23.8737014232425
2012,2600000.0,0,0,0,COG,3732.32737320389,71.6878891,17.1843319776117
2012,16166882.0,10373698,80.69632987479258,64.16634945439695,MLI,733.738935290444,28.26848984,32.8816854500786
2012,14464244.0,6052350,66.99025708957669,41.84352808207605,UGA,795.222867553127,55.14218903,18.9561823261431
2012,1191720.0,0,0,0,TGO,762.392047587088,36.26974869,14.4998960284454
2012,7270000.0,0,0,0,TCD,936.141444963822,37.49700546,10.904855366766
2012,14000000.0,0,0,0,CIV,1546.9460184731,74.48454285,29.1096545103652
2012,3600000.0,2217320,81.06704962912698,61.592222222222226,LBR,638.368751462083,50.35652542,16.9578913961146
2012,12467592.0,8926672,71.59900644807755,71.59900644807755,NER,528.510104469655,22.56604767,11.4210866098121
2012,1582496.0,0,0,0,GNB,635.461653303881,37.72527695,15.9125580822648
2012,6667687.0,5296185,79.43061814389307,79.43061814389307,SLE,904.840762004552,50.08378601,14.3035858013974
2012,11925399.0,7649497,73.62268405341374,64.1445791457376,GHA,1543.77524235764,83.48946381,17.1069348843732
2012,514110.0,0,0,0,COM,1490.31511351281,76.77297974,34.6899269606426
2012,3300000.0,432450,77.66060993524242,13.104545454545455,CAF,544.395849142785,20.60425186,17.1121604556915
2012,17091469.0,8385808,80.79568907650224,49.06429049486618,CMR,1449.09874362279,56.3600235,40.679527922419
2012,49140000.0,0,0,0,COD,400.059901824342,13.62572193,18.7546676228376
2012,3577000.0,0,0,0,ERI,688.68165957684,25.96233749,11.5365169297833
2012,3747913.0,656329,80.72440898396037,17.511852596364964,BEN,1071.52583567484,34.21852112,14.4517136045026
2012,420000.0,0,0,0,GNQ,17308.5723924575,284.08352661,65.4060707706963
2013,8114652.0,732268,49.276333675180545,9.024022225475596,SEN,1379.83196553924,61.02893066,50.6907763152699
2013,3421741.0,0,0,0,KEN,1370.87885214659,67.89151001,32.9047720711466
2013,10237354.0,7859416,76.77194712618125,76.77194712618125,GHA,2294.025645187,104.81430817,18.1892648687887
2013,17091469.0,9338427,79.86914819317357,54.637942472937816,CMR,1575.92882118897,56.61405563,40.9206144735396
2013,1668680.0,264358,69.38566606648854,15.842342450320013,GNB,654.304534409417,46.01106644,17.1557987744749
2013,2600000.0,103724,92.81291384802606,3.9893846153846155,COG,3697.41705884249,72.29035187,17.7552084286539
2013,7270000.0,0,0,0,TCD,946.129583097771,39.97917175,11.0657151939012
2013,1200000.0,0,0,0,GMB,653.862713272743,25.33724403,46.4844349819106
2013,6820160.0,5494161,80.55765553887298,80.55765553887298,SLE,1146.4163912665,81.8790741,15.067603703245
2013,6067135.0,0,0,0,GIN,748.455020824734,26.22439003,20.8963805793729
2013,1659558.0,0,0,0,SSD,1650.18943353528,27.0063858,8.78381166341978
2013,13113401.0,9368472,71.44196993594568,71.44196993594568,BFA,759.762065168498,42.40937042,19.4816080899317
2013,17443064.0,1500714,70.02492634549539,8.60349993556178,CIV,1786.15862031324,71.52493286,29.894622861839
2013,1290600.0,0,0,0,GAB,9197.70106323947,262.78244019,47.2348995593806
2013,12090000.0,0,0,0,AGO,5057.74787833163,142.88616943,44.8547922195447
2013,114286356.0,22538959,73.6256832617279,19.72147838889885,NGA,2872.79083379398,100.81700897,37.3360752432271
2013,49140000.0,0,0,0,COD,431.191528160935,15.86667633,18.3953627320994
2013,12604890.0,8189778,69.12829724116595,64.97302237464983,NER,552.103334363117,24.43749619,11.8947265091648
2013,39900484.0,17114802,77.13403824549513,42.89372028670129,TZA,963.05712890625,43.09357452,22.0803159001061
2013,17726780.0,11467739,84.98732979636297,64.69160783853583,MOZ,686.505672517351,41.17826843,25.1776607454077
2013,1191720.0,0,0,0,TGO,826.543259457126,40.56192398,15.0199254601717
2013,14875650.0,7532845,66.79634569562603,50.63876200367715,UGA,818.285427416713,53.0015564,19.1662858984987
2013,420000.0,0,0,0,GNQ,16304.0713196418,289.67935181,66.0469430159927
2013,17309000.0,12207072,82.05019006131849,70.52442082153793,MLI,758.475532598732,30.89883041,34.5171909966045
2013,514110.0,0,0,0,COM,1603.32797107303,81.4433136,34.802124546897
2013,3300000.0,0,0,0,CAF,364.36696260838,16.78926849,16.7250416362785
2013,3747913.0,1155182,105.41597617152993,30.822006807521944,BEN,1168.92699314206,34.83580017,15.0147440721455
2013,3577000.0,0,0,0,ERI,688.68165957684,29.52669525,11.6362700513655
2013,8780000.0,692310,83.14687708299556,7.885079726651481,ZMB,1820.71854827391,84.19036102,30.8570284614837
2013,14989401.0,12443745,83.01695978378322,83.01695978378322,MWI,496.947368267313,39.87806702,29.6470619862229
2013,410000.0,0,0,0,STP,1382.5757842916,124.09713745,37.1493809462961
2013,30000000.0,1422298,74.19255559102697,4.740993333333334,ETH,484.039833104062,19.53577042,6.82389059062955
2013,2938370.0,2445275,100.26348494720256,83.21875733825216,LBR,710.744570927863,48.74785614,17.4748084783238
2013,17784306.0,7892186,66.394214518252,44.37725036894889,MDG,515.301589361832,19.75903702,10.0796108080669
2013,6000000.0,0,0,0,ZWE,1362.30066802685,100.13693237,39.3197198966502
2014,11650319.0,8202072,101.19851700192956,70.40212375300625,BFA,764.861675106225,38.37065506,20.0801867081172
2014,8351297.0,662895,70.21768812688217,7.937629328713851,SEN,1398.89137601382,62.2051239,51.7558632183278
2014,12090000.0,0,0,0,AGO,5005.9997412707,130.74234009,46.1170299677134
2014,3603390.0,0,0,0,KEN,1482.81566253497,73.19489288,33.2968469581464
2014,6067135.0,956726,83.4990993129643,15.768991459725223,GIN,765.146999389279,37.0862999,21.9585172286295
2014,10236777.0,7165277,87.49423036627222,69.99543899412872,NER,565.30989731175,24.89271736,12.369659574494
2014,2938370.0,0,0,0,LBR,706.714490064507,59.98974228,18.0004756381115
2014,18218250.0,13976842,97.1125487201037,76.71890549311816,MOZ,697.142680444123,43.08488846,26.498493533672
2014,3767037.0,1273314,58.32868376425447,33.801473147197655,BEN,1204.39918700511,33.67948914,15.5894570732653
2014,6000000.0,0,0,0,ZWE,1372.21278071456,114.44429779,38.7170871077261
2014,17092155.0,1445937,93.79651108481754,8.45965298114837,MLI,797.154510755732,36.67969894,36.1762365300362
2014,18349339.0,8784209,73.4193443668125,47.87207321201053,MDG,505.684922503435,23.07670021,10.5872296200375
2014,194850.0,0,0,0,STP,1489.67633417608,118.93055725,38.4812028048961
2014,7270000.0,0,0,0,TCD,982.527563074226,43.6758728,11.2377496545349
2014,14989401.0,0,0,0,MWI,529.5133440206,35.64556885,31.8630595655518
2014,119839648.0,42725649,75.70244601385767,35.652348544949,NGA,3088.72131316169,106.11964417,38.2655122285715
2014,514110.0,0,0,0,COM,1615.71723662012,84.27106476,34.8674297281274
2014,1668680.0,294761,73.83108279042273,17.66432149962845,GNB,652.022501029449,64.91837311,18.4161430412753
2014,1200000.0,0,0,0,GMB,568.00453558864,17.14346313,46.5660269049022
2014,13976113.0,7633180,68.2451521201587,54.61590071574264,UGA,896.054795546394,51.04053879,19.3758464383761
2014,27752292.0,21663918,103.70430260555175,78.06172549640225,TZA,1022.74841308594,39.47782898,23.2631070043176
2014,1290600.0,0,0,0,GAB,9201.36276648105,234.42152405,48.3267109980033
2014,2600000.0,104152,82.4228611223222,4.005846153846154,COG,3601.2365808718,71.47676086,18.3393599953142
2014,15998796.0,10579526,92.54712110447079,66.12701355777023,CMR,1649.4433905949,61.80369186,41.16335571391
2014,37012273.0,7673271,95.96331736960994,20.7316935115009,COD,458.004541775676,18.79024887,18.044594711176
2014,12602196.0,8126475,80.6058135950234,64.48459458970484,GHA,1953.64513603117,78.03632355,19.2871057808726
2014,3300000.0,242741,79.2468414351474,7.355787878787878,CAF,409.8504859647,18.02748299,16.3420826919898
2014,87250.0,0,0,0,ERI,688.68165957684,31.54170799,11.7366811006634
2014,1191720.0,0,0,0,TGO,855.585284856656,43.02396011,15.5497416677127
2014,8780000.0,0,0,0,ZMB,1707.48573136694,66.04714203,31.6512218258064
2014,6820160.0,0,0,0,SLE,1140.92742266148,138.29064941,15.8525627970328
2014,1659558.0,0,0,0,SSD,1242.73450181032,27.0063858,9.81375490168788
2014,10994709.0,1475387,86.93838539723956,13.419063660529806,ETH,549.986577082588,21.90294838,7.1320081780504
2014,17385022.0,5793572,77.79299706569563,33.325077184256656,CIV,1991.36539423404,79.31149292,30.6863860760485
2014,420000.0,0,0,0,GNQ,15548.6624656619,294.76089478,66.1151118654474
2015,1659558.0,0,0,0,SSD,1080.14718624765,27.0063858,10.8939961029361
2015,3300000.0,0,0,0,CAF,366.322853938121,17.71483231,15.9631874719448
2015,420000.0,0,0,0,GNQ,9068.91003238645,229.11935425,66.1825226445462
2015,3918406.0,977783,54.32106652918572,24.953590822390534,KEN,1489.11959777284,71.3065033,33.6913972045979
2015,6976957.0,5398483,77.3758961105823,77.3758961105823,SLE,945.148168480629,114.16482544,16.6582854370073
2015,8258869.0,4627752,56.03372568326244,56.03372568326244,SEN,1218.00613555438,54.20389557,52.8193806775429
2015,69634.0,0,0,0,ERI,688.68165957684,26.82466125,11.8379122916262
2015,15923224.0,9713502,84.20259590303982,61.002106106150364,MLI,704.821646439506,29.7465477,37.8578119850329
2015,1290600.0,0,0,0,GAB,7047.12654634355,188.42417908,48.6194365134982
2015,14989401.0,0,0,0,MWI,539.605363240686,35.27587891,34.0704034895695
2015,2787902.0,1696195,99.70040416342403,60.841270604203444,LBR,692.590082351257,70.18363953,18.535132543282
2015,514110.0,0,0,0,COM,1329.37048235986,60.86703491,35.8152661023519
2015,3898884.0,1631338,57.68326110570504,41.84115249389313,BEN,1002.41886882564,28.41767883,16.17540036159
2015,188134.0,0,0,0,STP,1298.10946596396,84.50744629,39.8117886622739
2015,18813918.0,8800912,70.87604178998222,46.778730512166575,MDG,445.320069480568,22.81040573,11.0976984938148
2015,11636753.0,10737905,92.27568830340735,92.27578345952689,ZMB,1295.87788680068,57.92047501,32.4357104534936
2015,10719606.0,7753388,89.4899627480458,72.32903895908115,UGA,862.934610355811,40.15630341,19.5845877472555
2015,3181835.0,0,0,0,TCD,747.588448455507,35.03440857,11.4218789248527
2015,26962041.0,19715866,73.12453089141138,73.12453089141138,TZA,939.127319335938,32.90985107,24.4416443149061
2015,1200000.0,0,0,0,GMB,619.536364296461,19.42744446,46.6646753535046
2015,37012273.0,11288740,77.94073205770135,30.49999117860176,COD,467.9145805459,19.13417244,17.7022826880082
2015,984485.0,103778,81.92655046103322,10.541349030203609,COG,2439.35189403696,57.67850113,18.9369277755163
2015,11113047.0,3287346,88.06899252925635,29.580960109320152,ETH,621.845673808133,23.53430557,7.43845438341403
2015,120103208.0,59765252,80.3497639449106,49.76157839181115,NGA,2585.73360671797,96.28328705,39.2193825451344
2015,1565479.0,116137,77.61923220873656,7.418623948325082,GNB,645.066837207039,52.38645935,19.6938380286064
2015,2426930.0,1754833,72.30670023445258,72.30670023445258,GHA,1721.69964380717,77.74266815,20.40010793503
2015,18218250.0,0,0,0,MOZ,610.563774706589,39.91206741,27.8360509112133
2015,12090000.0,0,0,0,AGO,3213.90261080059,107.64356232,47.3744826098829
2015,10886864.0,7055384,90.99343038685,64.80639420130535,NER,485.662574175279,25.72568893,12.8471159354794
2015,7161619.0,1475362,81.43028242475756,20.60095629214567,GIN,747.356966759448,43.94221497,23.0429536885135
2015,7466576.0,0,0,0,ZWE,1386.42284717709,105.09803009,38.1206481520606
2015,1191720.0,0,0,0,TGO,751.052405084336,37.41205215,16.0892338025687
2015,17848457.0,5900569,82.78838341243538,33.05926669179302,CIV,1814.71855088017,62.51667023,31.4875187108368
2015,6713705.0,5393933,80.34212107919546,80.34212107919546,BFA,630.124750752312,32.44025803,20.6627379954545
2015,16968062.0,11021942,88.96748181875932,64.9569880166633,CMR,1415.00009710569,50.31904221,41.4078037782764
2016,16756532.0,12245009,73.07603387144786,73.07603387144786,CIV,1862.59597081287,66.39353943,32.2972577718512
2016,5396337.0,46196,39.263615965186645,0.8560621769915406,AGO,1807.95294072643,94.1061554,48.6279413330122
2016,16417829.0,14040632,85.52063735101638,85.52063735101638,TZA,953.0107421875,36.26340103,25.6150210066189
2016,2990390.0,1686564,56.399466290350084,56.399466290350084,BEN,1010.53389609187,29.34768677,16.7724928532971
2016,10886864.0,0,0,0,NER,502.706475406446,22.42886543,13.3269745796459
2016,18863123.0,8299638,66.75511971766018,43.99927838036151,MDG,453.970714522463,24.77560616,11.6111708642625
2016,188134.0,0,0,0,STP,1434.87018050521,109.2252121,41.1410220675291
2016,38738084.0,16066055,79.11672725564387,41.47354061186918,COD,442.310472110228,19.91032028,17.3684019576228
2016,14989401.0,0,0,0,MWI,450.506105510719,34.32816696,36.2684898041781
2016,69634.0,21363,48.59976795504698,30.678978659850074,ERI,688.68165957684,23.64590836,11.9399656246299
2016,123312522.0,66581876,67.29656892683138,53.99441591179199,NGA,2070.4127339595,78.23602295,40.1973273390898
2016,20180229.0,14915255,73.9102365984053,73.9102365984053,MOZ,441.489734819071,31.38208961,29.1901697914073
2016,3300000.0,517336,48.96154424924074,15.676848484848485,CAF,387.176203444318,20.25914001,15.5882420568199
2016,7677570.0,6037700,78.6407678471183,78.6407678471183,ZWE,1407.41536437554,106.18969727,37.5291905738897
2016,420000.0,0,0,0,GNQ,7453.19797948517,229.76306152,66.2485417470801
2016,1191720.0,0,0,0,TGO,772.581787093976,51.94157028,16.6392024008154
2016,18343000.0,12693257,75.74995442144778,69.19946028457721,MLI,730.85493818079,28.3053112,39.5613789309833
2016,6909507.0,4991601,72.24250586908734,72.24250586908734,UGA,752.696571725656,39.13254166,19.7922384779092
2016,5752504.0,2597923,76.05497198500285,45.161602669029,ETH,696.195884706786,24.67317772,7.74355073772014
2016,7138404.0,5592547,78.34450109576314,78.34450109576314,SLE,838.631615328371,81.37689209,17.4849471744574
2016,8582194.0,5485410,63.91617341672771,63.91617341672771,BFA,663.742364842886,39.64500427,21.2290233625521
2016,514110.0,0,0,0,COM,1365.48403444497,63.14864731,35.8348906522207
2016,1706362.0,837517,72.46392235140006,48.9,GNB,679.665386626818,56.52604294,20.9889037650551
2016,3181835.0,1636687,73.80506055923098,51.43846239669876,TCD,668.078636142918,33.10380936,11.6187911506186
2016,346189.0,0,0,0,GAB,6677.07003901644,208.90524292,48.9116241513096
2016,962668.0,111748,20.24864145945035,11.608155667374422,COG,2093.10728558843,54.67388153,19.5480531851066
2016,7161619.0,5635966,78.69681422594527,78.69681422594527,GIN,711.996509782316,38.91920853,24.1498388471999
2016,11298337.0,10404448,92.08831352791124,92.08831352791124,ZMB,1239.08527877713,55.87984467,33.2093941738338
2016,1790480.0,1319165,73.67661185827265,73.67661185827265,GHA,1913.18673253576,64.43041229,21.5279300969224
2016,1659558.0,0,0,0,SSD,1080.14718624765,27.0063858,12.0258100542095
2016,3678724.0,2209274,60.05544313734871,60.05544313734871,KEN,1554.12610314423,74.26567078,34.0884942632235
2016,8533698.0,6089986,71.36397374268459,71.36397374268459,SEN,1266.43957151587,54.93520355,53.8806790444526
2016,16968062.0,11999954,80.74304611306869,70.72082834209351,CMR,1441.7201725688,51.2496109,41.6540121133768
2016,2713821.0,2005547,73.90122635206964,73.90122635206964,LBR,714.613063145659,68.4992981,19.0787826788986
2017,9948893.0,8375953,84.18979880475145,84.18979880475145,TZA,986.674011230469,38.65550995,26.7829708869529
2017,4528441.0,3074858,95.71599022686826,67.90102819049646,TCD,640.117048532702,31.06099701,11.8291927798898
2017,2342766.0,1731545,73.91028382689522,73.91028382689522,MLI,775.536492065709,29.23488998,41.2864018368594
2017,5530123.0,4229398,94.9227077784633,76.47927541575477,BFA,709.091535894695,43.07155609,21.7779198987319
2017,20479536.0,14817898,72.35465686331956,72.35465686331956,CIV,1964.29930338343,68.61872864,33.115740904564
2017,1131640.0,831768,73.99814419250578,73.50111342829875,GNB,783.123186602022,54.74217224,22.3015666963327
2017,3300000.0,0,0,0,CAF,432.324025684263,27.64416504,15.2164875035595
2017,3867250.0,3017897,78.03728747818217,78.03728747818217,KEN,1667.48447230835,66.80448151,34.4882040042741
2017,19762613.0,15799350,79.58703510129101,79.94565293567202,MOZ,470.93856305196,36.26471329,30.560328246432
2017,128342058.0,79831356,90.85048608338269,62.202022660412695,NGA,1876.34027111773,72.77430725,41.1997191095263
2017,770373.0,106081,77.78739193242063,13.770082804044275,COG,2211.63309874797,52.68054199,20.1728786215665
2017,42633917.0,30372985,94.07274221048473,71.24136635158341,COD,436.584534687385,18.74936485,17.0428366780056
2017,12223891.0,11398966,93.25153504722842,93.25153504722842,ZMB,1483.46577328065,71.52032471,33.9717571756978
2017,1401128.0,691799,67.00751632087716,49.37443260001941,GHA,2012.97025750655,74.56986237,22.670108563914
2017,9799294.0,7018837,71.62594570588453,71.62594570588453,NER,521.804130023434,28.69141388,13.8105659838816
2017,7319176.0,5588471,76.35382726142943,76.35382726142943,GIN,833.598621691121,33.02272034,25.2793160046836
2017,7677570.0,3709275,48.313138141365044,48.313138141365044,ZWE,3448.08253696926,92.25428772,36.9416742711943
2017,420000.0,0,0,0,GNQ,7809.10465655488,231.0456543,66.3127923585184
2017,5633511.0,4236666,89.77626846258786,75.20471691632447,ETH,745.632449222154,24.51061249,8.0471575170489
2017,3965762.0,89235,76.4495733525239,2.2501350307960992,AGO,2437.25971190821,112.85147095,49.8769829625562
2017,5147599.0,364529,91.61621264328818,7.081534517354596,SSD,1080.14718624765,27.0063858,13.2107250437217
2017,2427896.0,1980880,81.58833821547546,81.58833821547546,BEN,1054.97408141687,29.22344017,17.3806539321045
2017,2383502.0,2002850,84.02971761718682,84.02971761718682,LBR,699.269095727404,72.50897217,19.6309444395375
2017,2990412.0,1979667,66.20047672360865,66.20047672360865,UGA,765.218332297361,31.47759247,19.9987800028527
2017,19637679.0,0,0,0,MDG,491.866848718929,24.17928314,12.1276031211704
2017,828148.0,382312,46.1646951994088,46.1646951994088,COM,1423.9248027797,74.52148438,35.8566241481776
2017,4288461.0,3464408,80.7844119370562,80.7844119370562,SLE,788.486867334833,45.5368042,18.3338581421542
2017,72999.0,55525,76.0626857902163,76.0626857902163,ERI,688.68165957684,22.35861588,11.9399656246299
2017,10792844.0,6440400,88.07596599931841,59.67287213638963,CMR,1496.08951771242,50.27867889,41.9013320538743
2017,8805111.0,6321027,71.78815803684928,71.78815803684928,SEN,1356.80518449031,57.67406845,54.9398686162857
2017,346189.0,0,0,0,GAB,6921.73373135624,193.97592163,49.2033085922007
2017,188134.0,0,0,0,STP,1555.79477812888,116.49388123,42.4688370821768
2017,14989401.0,0,0,0,MWI,495.769683367165,37.93450165,38.4570669671792
2018,962668.0,291799,95.51834757275198,30.311488488243093,COG,2694.43413191427,47.67589569,20.2685712894315
2018,7480197.0,5907574,78.97618204440337,78.97618204440337,GIN,933.273615633705,35.30637741,26.4315350914217
2018,19637679.0,0,0,0,MDG,500.45718552916,21.67276382,12.6470453599113
2018,1398027.0,1197487,99.58676242623432,85.65549878507353,BEN,1151.74096952152,34.44770432,17.9998030901084
2018,1621568.0,931628,57.45229308915815,57.45229308915815,CMR,1610.69641591017,57.7002182,42.1505011655075
2018,48034532.0,28383005,95.48828625334332,76.64389235644057,COD,528.256019777898,17.87852287,16.7256344876716
2018,3955338.0,29712,53.72292337178606,0.75118738272178,AGO,2538.59139143371,83.89920044,51.120743995819
2018,828148.0,0,0,0,COM,1540.71132257526,74.43584442,35.8804627544981
2018,7677570.0,0,0,0,ZWE,2271.8533351306,114.63294983,36.3571601293685
2018,9986963.0,9108052,91.19941667952509,91.19941667952509,TZA,1023.10626220703,40.83135605,27.9447655542304
2018,48034532.0,8432529.96882094,94.38077266453769,76.64389235644057,COD,528.256019777898,17.87852287,16.7256344876716
2018,201784.0,162512,80.53760456726003,80.53760456726003,STP,1825.59971753966,108.28024292,43.7951971255154
2018,8985524.0,6602315,73.47723961340485,73.47723961340485,NER,578.568035680892,30.08619118,14.2977760229761
2018,6070736.023130594,4154844,94.08837168605949,68.44053149682837,ETH,747.968143637014,23.84538269,8.34992303821713
2018,420000.0,0,0,0,GNQ,8102.47084834031,248.69200134,66.3127923585184
2018,20261154.0,16502496,81.4489441223338,81.4489441223338,MOZ,517.507260258101,40.8117218,31.9467194446126
2018,9061189.0,5588601,75.64856115341632,61.67624359231443,SEN,1452.55612562445,65.77828217,55.9960419566084
2018,361121.0,0,0,0,GAB,7624.2775233771,211.22572327,49.4944290499849
2018,1307552.0,938015,83.22302171039206,71.7382559163995,GHA,2196.61290615342,82.98774719,23.8263073809595
2018,14989401.0,0,0,0,MWI,533.203173686705,36.97562408,40.6356736680772
2018,2713101.0,1640073,87.83981515897763,60.45012699490362,SLE,845.914540460932,43.07834244,19.20548437001
2018,970242.0,665975,68.64009185337267,68.64009185337267,MLI,835.086710561793,31.96352005,43.0319385671456
2018,2288222.0,1749542,76.4585778827404,76.4585778827404,BFA,777.465618514048,39.00283813,22.3095685822615
2018,71584.0,62777,87.6969713902548,87.6969713902548,ERI,688.68165957684,24.02440262,11.9399656246299
2018,21002613.0,15581091,74.18644051575868,74.18644051575868,CIV,2130.86619381144,70.97071075,33.9428009638578
2018,12032435.0,11164092,101.59686126163807,92.78331443303038,ZMB,1463.89997855593,70.36667633,34.7220691917255
2018,4527450.0,3377900,82.18500835864283,74.60932754641134,TCD,695.642393675941,32.30886459,12.054119739418
2018,1076864.0,701302,65.12447254249376,65.12447254249376,GNB,808.531613218504,58.78644943,23.6322998602978
2018,2888338.0,1960888,67.8898383776414,67.8898383776414,LBR,692.203127129794,69.10813904,20.1920909965308
2018,3300000.0,101806,84.31697338125922,30.661151515151513,CAF,455.243962859534,49.17564392,14.847835432135
2018,3300000.0,910012,88.69884410360278,30.661151515151513,CAF,455.243962859534,49.17564392,14.847835432135
2018,3983268.0,3465107,86.99156069840141,86.99156069840141,KEN,1836.45275528993,75.6592865,34.8906417362588
2018,5904795.0,1035785,99.65076509382682,17.54142184445015,SSD,1080.14718624765,30.23945427,14.4506357443147
2018,131361930.0,84911508,90.25053181341708,64.63935784134719,NGA,2057.87944554011,65.70272064,42.2262606432937
2018,1975991.0,1570427,79.47541259044196,79.47541259044196,UGA,792.16570022814,32.99159622,20.2039464819127
2019,8815619.0,6007315,88.71439832876568,68.14399533373663,SEN,1431.18128932159,65.75260925,57.0490341820529
2019,7677570.0,0,0,0,ZWE,1684.02790388182,54.80850601,35.7743358079873
2019,134545208.0,82992655,87.04349016805013,61.68384309904222,NGA,2265.15520863056,69.68148041,43.27675278374
2019,12032435.0,0,0,0,ZMB,1258.98619844462,85.64040375,35.4594671468657
2019,2942778.0,2240077,91.71224144382859,76.12116850132765,SLE,843.71251730417,46.25284195,20.0997387688789
2019,2040460.0,1593787,78.10920086647128,78.10920086647128,UGA,822.057058189153,33.40487289,20.4080904532095
2019,8472338.0,1418015,87.97626522257907,16.736997508834044,SSD,1080.14718624765,34.9889183,15.747277681583
2019,7954815.0,1161582,102.6665794600022,14.602250335174357,TZA,1063.32250976563,39.5618248,29.099388976813
2019,201114.0,144527,71.86322185427171,71.86322185427171,STP,1935.2931816596,106.26776123,45.1201003296246
2019,1844198.0,339446,74.5,18.41,GNB,807.359903965493,54.0177002,24.9811064482039
2019,72999.0,62548,85.68336552555515,85.68336552555515,ERI,688.68165957684,25.98394394,11.9399656246299
2019,46051090.0,9452023,97.57342945304404,80.17999999999999,COD,557.044161335917,19.85771751,16.4166624601584
2019,2114837.0,1696518,80.21979944553647,80.21979944553647,BFA,764.853077774946,41.07073212,22.8240692453658
2019,21125734.0,3129919,84.64383225267676,14.815669836607807,MDG,499.818837622534,15.88729572,13.1693371507898
2019,1031260.0,411744,85.36225844772146,51.60501910284506,COG,2488.42466724916,58.90272522,20.3642631107744
2019,1031260.0,120438,21.941261880341255,51.60501910284506,COG,2488.42466724916,58.90272522,20.3642631107744
2019,420000.0,0,0,0,GNQ,6804.14923073888,231.83953857,66.3127923585184
2019,4102765.525000001,288961,100.80972648618476,92.98593782056311,KEN,1960.40808854893,86.06783295,35.2957947881613
2019,296128.0,251369,84.88525232331965,84.88525232331965,BEN,1130.82135304977,29.37922096,18.6298545928192
2019,4102765.525000001,3526034,92.39825938661355,92.98593782056311,KEN,1960.40808854893,86.06783295,35.2957947881613
2019,4442824.764846294,782984,89.95954335891543,53.826515151515196,CAF,449.228467602439,33.9444313,14.4819824288711
2019,4442824.764846294,993291,82.87687920207858,53.826515151515196,CAF,449.228467602439,33.9444313,14.4819824288711
2019,7480197.0,0,0,0,GIN,1031.34146480732,42.68258667,27.606397594017
2019,788813.0,502859,63.74882259800485,63.74882259800485,COM,1519.26386436068,77.80075073,35.9066757549833
2019,5919602.944410031,2880331,96.68121988011583,48.657503333394,ETH,828.70897229725,26.22917175,8.65203916056794
2019,1349658.0,979438,72.56934719758635,72.56934719758635,GHA,2186.18924111824,93.18772125,24.9960729195517
2019,361121.0,0,0,0,GAB,7441.1786472281,208.28834534,49.7848246840842
2019,58244.0,19060,32.72440079664858,32.72440079664858,CMR,1555.22660476477,56.18640518,42.4008580058119
2019,14989401.0,0,0,0,MWI,580.889816066776,41.78248596,42.8038378125311
2019,2963868.0,2496344,84.22588320397534,84.22588320397534,LBR,658.164180770507,52.02645493,20.7619736101479
2019,1004177.0,0,0,0,MLI,820.197390833912,32.17400742,44.7976967244774
2019,6676439.0,4327341,95.67683984866252,64.8151057771965,NER,561.691304349698,31.21994209,14.7900382805354
2019,21713670.0,15999219,73.68270310822629,73.68270310822629,CIV,2141.76836170115,73.64801788,34.7779674572536
2019,2394346.773,263549,49.27079691680112,11.00713576545915,AGO,2189.85571407618,64.65779114,51.3936226824603
2019,46051090.0,27494725,99.56692391004724,80.17999999999999,COD,557.044161335917,19.85771751,16.4166624601584
2019,18059542.0215538,8781876,95.40714885800419,48.62734608396471,MOZ,519.09255091362,40.41284943,33.350311214661
2019,5124862.0,3653785,71.29528560964178,71.29528560964178,TCD,678.142035723965,31.30481529,12.2940188961564
2020,1892353.0,415475,85.0007160539291,21.96,GNB,817.780335749159,68.04572296,26.3482236537259
2020,72483.0,36645,87.6695614727625,50.556682256529115,ERI,688.68165957684,24.70353127,11.9399656246299
2020,19098527.26297629,14646173,76.8966191088624,76.6874467666149,MOZ,462.433876479921,34.37060928,34.7705804730804
2020,21966154.0,10564594,89.3478850673945,48.094873595077225,CIV,2179.72934832935,85.17427826,35.6210684573158
2020,8180532.0,5228298,83.27,63.91146688259395,GIN,1053.66097696415,41.6195488,28.8045337728005
2020,8029929.0,0,0,0,ZWE,1730.41348946953,50.67650986,35.1923618234591
2020,400225.0,199102,49.74751702167531,49.74751702167531,COM,1527.16991011916,88.67053223,35.9066757549833
2020,1004177.0,0,0,0,MLI,804.343956745857,28.85294724,46.5825895523924
2020,315128.0,262386,83.26330887766241,83.26330887766241,BEN,1197.50136428063,30.64243507,19.2707223290055
2020,1349658.0,0,0,0,GHA,2196.54789313621,87.4445343,26.179198602453
2020,4134781.0,3230756,78.13608507923394,78.13608507923394,NER,579.512495758236,34.85019302,15.2880774887646
2020,8238487.770482671,0,0,0,TZA,1117.41528320313,31.39298439,30.246799713062
2020,1655032.0059370326,1162194,70.22184440125062,70.22184440125062,SLE,845.313836261458,46.01692963,21.0167130216126
2020,6831470.119528587,2003380,91.35083305329061,29.325752216541133,ETH,905.313175805855,28.69671059,8.95353751323462
2020,4442825.0,0,0,0,CAF,462.879071294011,40.11012268,14.1186346735747
2020,5352356.0,4164676,77.81014566295666,77.81014566295666,TCD,622.095543396442,35.72977829,12.5503207178957
2020,358437.0,0,0,0,GAB,6605.80346077565,228.02458191,49.8241656819812
2020,21390404.0,1693114,76.16419228431758,13.025705358346668,MDG,450.771615201509,17.21605492,13.6947389718241
2020,58244.0,0,0,0,CMR,1555.60370660749,58.0969696,42.6527994756676
2020,21390404.0,1093137,72.32755711705275,13.025705358346668,MDG,450.771615201509,17.21605492,13.6947389718241
2020,2948994.0,0,0,0,LBR,616.787867006715,101.29130554,21.3405767547591
2020,2040460.0,0,0,0,UGA,845.766463890124,36.87842941,20.6108258720445
2020,1062197.8,98422,82.19367985034741,33.147498516754595,COG,1993.586671931,80.80835724,20.459745939771
2020,12810245.0,6518924,89.17806929896656,50.888363181188176,ZMB,951.644316655957,60.4353447,36.1832543043812
2020,1062197.8,253670,85.04824552580583,33.147498516754595,COG,1993.586671931,80.80835724,20.459745939771
2020,14989401.0,0,0,0,MWI,602.507478176106,42.5414238,44.9611498947132
2020,8560784.0,0,0,0,SSD,1080.14718624765,47.67607498,15.8448173708488
2020,2186504.563648,1697870,77.65225045619141,77.65225045619141,BFA,825.237038782475,54.17696762,23.3206825506615
2020,3819439.0,939509,45,24.6,AGO,1449.92286669308,55.05102158,51.6603294206642
2020,210238.0,152119,72.35561601613409,72.35561601613409,STP,2167.22001796925,158.96191406,46.4435823257995
2020,4225848.0,4023825,105.75568270969198,95.2193500570773,KEN,1927.66459027849,86.67868805,35.7038199428417
2020,136378141.1751459,75424759,86.21209477542749,55.3056073649915,NGA,2019.65706326224,69.76184845,44.3511464071045
2020,47298137.0,4081777,91.71038426323801,8.629889587405948,COD,507.521230077872,21.25385666,16.1158647638764
2020,420000.0,0,0,0,GNQ,5764.05502912947,246.76673889,66.3127923585184
2020,5590970.0,3912081,69.97141819755784,69.97141819755784,SEN,1461.08720350553,76.77999878,58.0982120345877
2021,48650774.0,10767673.45,98.35144793962067,80.65134791072389,COD,558.034077296358,22.32123756,16.146171281979
2021,1089390.0,124393,83.0295222902302,50.39480810361761,COG,2516.16255145432,80.5149231,20.5548102087559
2021,8758494.0,4628519,90.92280423360455,52.84606006466408,SSD,1080.14718624765,32.67995834,15.9472337239091
2021,5394895.0,4190702,77.67902804410465,77.67902804410465,TCD,660.747192555507,35.63117981,12.823518025615
2021,948512.0,191498,20.189307040923048,20.189307040923048,GNQ,6945.63069794539,255.56524658,66.3127923585184
2021,2040460.0,0,0,0,UGA,882.791717542504,43.44807434,20.8121374661631
2021,14349734.0,3558275,92.05191347374951,24.796801111435236,CIV,2455.98127641148,81.86914825,36.2910379646523
2021,73338.0,62548,85.28729989909733,85.28729989909733,ERI,688.68165957684,25.36040497,11.9399656246299
2021,407669.0,94457,94.88397790055248,39.343437936168804,COM,1584.12450153608,99.03723907,35.9066757549833
2021,48650774.0,28469832,94.38218159981493,80.65134791072389,COD,558.034077296358,22.32123756,16.146171281979
2021,407669.0,65934,94.79268503076658,39.343437936168804,COM,1584.12450153608,99.03723907,35.9066757549833
2021,8407131.0,5841495,91.73284057347874,69.48262136036656,GIN,1244.96550477914,44.68689728,30.0258480711338
2021,2103341.0,0,0,0,BFA,895.535288442991,56.95098114,24.0411194450571
2021,4306318.0,0,0,0,NER,608.722439593808,34.34204865,15.8815617318811
2021,8147166.0,0,0,0,ZWE,1724.38773104902,62.73724365,34.6099502088038
2021,19580369.0,494085,77.43077484841695,2.5233691969747865,MOZ,509.907829475551,44.52215576,36.0718806213065
2021,139910337.0,19121169,91.54223922948361,13.66673071482917,NGA,2017.27486481527,83.84061432,45.4491548934765
2021,3979650.0,0,0,0,AGO,1925.87466082167,64.16342163,51.9216843631804
2021,1004177.0,0,0,0,MLI,862.467400106111,40.1202507,48.3865461258165
2021,315128.0,0,0,0,BEN,1318.83497843483,35.12914658,19.3816144059671
2021,21200377.0,0,0,0,MDG,490.206238571448,17.64008904,14.2229669156927
2021,210238.0,0,0,0,STP,2362.58827248102,186.10397339,47.765818728799
2021,13185586.0,4876548,105.02289418409548,36.98393078623885,ZMB,1127.16077872857,75.3394928,36.2419988529655
2021,3021540.0,2162942,71.58409287978978,71.58409287978978,LBR,667.96610514319,112.27044678,21.9278878738336
2021,6729162.377092907,1761919.8699999999,82.87169002015798,26.18,ETH,910.947840320752,26.47735214,9.25478025646195
2021,4323890.0,0,0,0,KEN,2061.35622089594,94.67254639,36.1147556713877
2021,1089390.0,87947,85.08145654361118,50.39480810361761,COG,2516.16255145432,80.5149231,20.5548102087559
2021,358437.0,0,0,0,GAB,8181.40914134656,233.87103271,49.8612671247622
2021,59799.0,20189,33.761434137694614,33.761434137694614,CMR,1672.32657340872,63.78601837,42.9056321489974
2021,1941909.0,232561,83.883452422604,11.975895883895692,GNB,900.407780831491,68.81868744,27.7338884299736
2021,6389657.0,2742180,97.62841191928348,76.96258187254809,CAF,492.263142830507,42.92785645,13.7575067532956
2021,6389657.0,2175465,72.37042142850964,76.96258187254809,CAF,492.263142830507,42.92785645,13.7575067532956
2021,1089390.0,377890,81.85877407859084,50.39480810361761,COG,2516.16255145432,80.5149231,20.5548102087559
2021,1693098.0,1255575,74.15843619211645,74.15843619211645,SLE,885.184270659578,43.1619873,21.9564981614005
2021,5764573.0,1123495,90.52909191704968,19.489648235871073,SEN,1598.10676952274,71.22032928,59.1433799517105
2021,7920891.0,6130377,91.76889611950719,77.4,TZA,1159.85656738281,37.15989685,30.4322467707954
2021,1116519.0,778905,69.76191179908268,69.76191179908268,GHA,2445.50081810782,100.00096893,27.3752434132951
2022,2043809.0,1651955,80.82726908434203,80.8,BFA,836.118304593682,56.95098114,24.7564935540426
2022,5564295.0,1285239,78.83025390275198,23.1,TCD,671.720147647873,35.63117981,12.9220664368098
2022,315128.0,0,0,0,BEN,1264.70765976655,35.12914658,19.4935017104267
2022,6674768.0,5609629,84.04230678879027,84,TZA,1207.85302734375,37.15989685,30.6179496792131
2022,13185586.0,0,0,0,ZMB,1447.12310138035,75.3394928,36.3013685414785
2022,2040460.0,0,0,0,UGA,963.067314117178,43.44807434,21.0121303393868
2022,59799.0,0,0,0,CMR,1604.87726954895,63.78601837,43.119165338496
2022,407669.0,0,0,0,COM,1489.49566257969,99.03723907,35.9066757549833
2022,4105407.0,0,0,0,AGO,2929.69445467272,64.16342163,52.1772757616933
2022,6389657.0,0,0,0,CAF,467.359825026238,42.92785645,13.8462938417752
2022,352247.9630296384,266216,75.57629851695397,75.6,NER,609.745147574878,34.34204865,16.4096569958993
2022,1114335.0,483955,85.69200068701628,55.4,COG,2620.83804267402,80.5149231,20.5548102087559
2022,1992894.0,562458,76.68525883377893,28.2,GNB,853.281304044102,68.81868744,27.8438185893828
2022,8352700.0,0,0,0,ZWE,2040.55245910726,62.73724365,34.6178581154233
2022,4214924.0,4077735,96.74516076683707,96.7,KEN,2109.56288513137,94.67254639,36.528720029267
2022,8637776.0,3483940,94.98288697332528,40.3,GIN,1416.59612011764,44.68689728,31.2707417142027
2022,1114335.0,133572,83.04495688342047,55.4,COG,2620.83804267402,80.5149231,20.5548102087559
2022,781981.0,551739,70.55657362519038,70.6,GHA,2240.27945094566,100.00096893,28.5838871671897
2022,3415587.0,2490903,72.92752314609466,72.9,LBR,744.617175237387,112.27044678,22.5233824972505
2022,567069.0,541099,95.42031040314318,95.4,SLE,860.130884035452,43.1619873,22.9191871774247
2022,375091.0,0,0,0,GAB,8409.2074145028,233.87103271,49.8962345236713
2022,210238.0,0,0,0,STP,2389.73729784737,186.10397339,47.8426472252971
2022,3708905.370772992,1843701,72.1686773969355,49.7,ETH,1011.0732858233,26.47735214,9.33621609876944
2022,9198157.269300004,5211424,61.73696788922588,61.4,SSD,1080.14718624765,32.67995834,16.0551793971587
2022,22923380.0,6669842,73.28138984359602,34.5,MDG,497.242514792961,17.64008904,14.7542851111188
2022,22923380.0,1239506,79.04135638009558,34.5,MDG,497.242514792961,17.64008904,14.7542851111188
2022,9198157.269300004,434093,57.357289681431,61.4,SSD,1080.14718624765,32.67995834,16.0551793971587
2022,45243848.0,404650,98.16717410026564,80.9,COD,642.612265820033,22.32123756,16.1744725542393
2022,9998618.815808982,0,0,0,MOZ,578.251663751351,44.52215576,37.3797966827908
2022,1679019.0,1177785,75.774790696657,70.2,CIV,2308.70654660366,81.86914825,36.9620839390068
2022,45243848.0,26317111,95.17748354066123,80.9,COD,642.612265820033,22.32123756,16.1744725542393
2022,45243848.0,9872237,100.17987701266964,80.9,COD,642.612265820033,22.32123756,16.1744725542393
2022,138928998.30150232,84598467,70.86758117324864,60.9,NGA,2139.37478476974,83.84061432,46.5706750774817
2022,30358.0,26688,87.91092957375322,87.9,ERI,688.68165957684,25.36040497,11.9399656246299
2022,497754.0,367013,73.73381228478326,73.7,SEN,1564.74522071584,71.22032928,60.1839131026354
2022,1004177.0,0,0,0,MLI,813.965034073188,40.1202507,50.2085511222901
2022,948512.0,0,0,0,GNQ,7589.29964909381,255.56524658,66.3127923585184
2023,210238.0,0,0,0,STP,2940.93352926715,,
2023,78844014.0,48364752.56,73.75782856085792,61.3,NGA,1596.63696129001,,
2023,2796796.0,1272258,45.48983908729846,45.5,LBR,771.887142089677,,
2023,4323377.0,745267,26.099342987447738,17.2,AGO,2308.15976731274,,
2023,1788077.9999999998,1393420,77.92836777813945,77.9,BFA,882.689810086163,,
2023,4214924.0,0,0,0,KEN,1952.30457929636,,
2023,1004177.0,0,0,0,MLI,869.270234286992,,
2023,315128.0,0,0,0,BEN,1394.37330217623,,
2023,914231.0,391310,64.23257737915458,42.8,GNB,951.242748289294,,
2023,21278009.0,4146143,82.1088005082411,76.3,MDG,506.159368687808,,
2023,11551260.0,7418277,84.23744397391485,64.2,MOZ,622.985619320596,,
2023,13185586.0,0,0,0,ZMB,1330.72780576709,,
2023,21278009.0,12079665,74.43517203782471,76.3,MDG,506.159368687808,,
2023,800477.0,529561,66.15567967599318,66.2,GHA,2260.28741289427,,
2023,59799.0,0,0,0,CMR,1736.86091073524,,
2023,1139852.0,123152,20.298263426469234,51.2,COG,2477.97845544866,,
2023,1139852.0,460013,40.357256907037055,51.2,COG,2477.97845544866,,
2023,443284.0,356242,80.36428113805145,80.4,CIV,2530.84659301723,,
2023,2040460.0,0,0,0,UGA,1002.30913917142,,
2023,37986763.0,19667308,78.71517647420447,79.4,COD,627.502181690836,,
2023,37986763.0,10492227,80.7010269314237,79.4,COD,627.502181690836,,
2023,407669.0,0,0,0,COM,1590.31237688317,,
2023,997308.0,221521,22.21189441977804,22.2,GNQ,6677.793435386,,
2023,379571.0,274078,72.20730772371967,72.2,NER,642.937917863471,,
2023,75971.0,54553,71.80766345052717,71.8,ERI,688.68165957684,,
2023,4853283.0,0,0,0,TCD,680.639877912029,,
2023,9610780.0,4980281,70.47634937259069,51.8,SSD,1080.14718624765,,
2023,6999367.0,1163534,75.37980333799355,40.5,CAF,495.978897153068,,
2023,6999367.0,1673019,59.15534342062507,40.5,CAF,495.978897153068,,
2023,3912185.0,2418452,68.79850981489889,61.8,ETH,1272.01628209211,,
2023,493233.0,371530,75.32545470396344,75.3,SLE,757.85833603088,,
2023,384580.0,0,0,0,GAB,7802.83659565049,,
2023,3094046.0,909569,80.18408764130326,29.4,TZA,1224.48962402344,,
2023,5166873.0,3036941,69.48445286622645,58.8,GIN,1541.04050914957,,
2023,213409.0,155263,72.75372641266301,72.8,SEN,1706.44218024762,,
2023,8352700.0,0,0,0,ZWE,2156.0340040333,,
