Year,Population requiring PC for LF,Type of MDA,Number of IUs covered,Reported number of people treated,Programme (drug) coverage (%),National coverage (%),CountryCode,GDP_per_capita,HealthExp_per_capita,Pct_with_improved_sanitation,GDP_lag1,Sanitation_lag1,Urban_Pop_Pct,ODA_per_capita
2000,1600000.0,IVM + ALB,1.0,51722.0,67.17142857142858,3.232625,TGO,409.889802792768,11.22799778,9.60294075298278,,,32.907,69629997.253418
2000,4000000.0,IVM + ALB,15.0,114947.0,23.94729166666667,2.873675,GHA,253.746936203344,16.27483559,6.24573244330994,,,43.929,600650024.414063
2000,80000000.0,IVM + ALB,4.0,159698.0,38.55223325720962,0.1996224999999999,NGA,547.318298903379,17.65198708,27.9946355957726,,,34.84,173800003.051758
2000,11000000.0,IVM + ALB,19.0,37240.0,100.0,0.3385454545454546,TZA,401.698150634766,12.25793076,6.4545572257458,,,22.309,1064250000.0
2001,6015806.0,IVM + ALB,4.0,393677.0,68.48533663631588,6.544044139721262,GHA,263.542156494853,19.207201,6.34852886366336,253.746936203344,6.24573244330994,44.601,644849975.585938
2001,80000000.0,IVM + ALB,13.0,675701.0,32.32680403345295,0.8446262499999999,NGA,566.428231812933,18.48871803,28.0339081146668,547.318298903379,27.9946355957726,35.669,167820007.324219
2001,456250.0,DEC + ALB,2.0,53308.0,85.65047638940214,11.683945205479452,COM,691.699908770798,45.25306702,30.4360322594528,,,28.036,27670000.0762939
2001,1100816.0,IVM + ALB,3.0,342398.0,74.7044205464538,31.104017383468264,TGO,396.692654520135,11.21350384,9.885647726804,409.889802792768,9.60294075298278,33.356,46090000.1525879
2001,12000000.0,IVM + ALB,4.0,431399.0,77.23524398802618,3.5949916666666666,BFA,259.485223380436,7.52252769,10.5063052772592,,,18.54,390940002.441406
2001,34000000.0,IVM + ALB,15.0,955403.0,59.09832349086032,2.810008823529412,TZA,396.638732910156,15.08091736,7.66547439187183,401.698150634766,6.4545572257458,22.674,1274900024.41406
2002,456250.0,DEC + ALB,2.0,245224.0,56.85694412242059,53.747726027397256,COM,762.116930318449,51.05594635,31.0518318596718,691.699908770798,30.4360322594528,27.992,27579999.9237061
2002,1123757.0,IVM + ALB,6.0,556974.0,78.50730490305939,49.5635622292008,TGO,445.238691488925,12.65094852,10.17042045101,396.692654520135,9.885647726804,33.809,51130001.0681152
2002,6015806.0,IVM + ALB,15.0,1223122.0,74.12860606060606,20.331805912624176,GHA,297.46164468774,19.75684166,7.23251503810142,263.542156494853,6.34852886366336,45.275,689369995.117188
2002,12429409.0,IVM + ALB,2.0,733375.0,75.97198036304947,5.900320763440965,UGA,241.984688408335,15.7368412,16.8151542285613,,,15.626,732979980.46875
2002,2987266.0,DEC + ALB,1.0,480900.0,81.19566483699239,16.09833205345624,KEN,402.936385605382,22.33303261,28.7335944914558,,,20.591,388220001.220703
2002,34000000.0,IVM + ALB,19.0,2078204.0,69.22035158355155,6.112364705882353,TZA,402.649047851563,16.92565536,8.88565368804983,396.638732910156,7.66547439187183,23.044,1260430053.71094
2002,12793884.0,IVM + ALB,14.0,1786125.0,68.36779298486827,13.960772193963928,BFA,285.654087637533,8.51982498,11.3937425930332,259.485223380436,10.5063052772592,19.258,440269989.013672
2002,80000000.0,IVM + ALB,26.0,2168355.0,53.72417548874058,2.71044375,NGA,712.164852077686,18.06385422,28.6863473284877,566.428231812933,28.0339081146668,36.508,299549987.792969
2002,3430000.0,IVM + ALB,3.0,224971.0,77.81932520218338,6.558921282798834,BEN,546.463829658159,17.4725647,9.42522879725803,,,39.036,221539993.286133
2003,13116285.0,IVM + ALB,31.0,5504199.0,77.80833548203235,41.96461879259257,BFA,362.373899996953,11.43507481,12.2686574331796,285.654087637533,11.3937425930332,19.996,540840026.855469
2003,3430000.0,IVM + ALB,15.0,678638.0,80.85559636896969,19.78536443148688,BEN,676.002878084282,21.76790237,9.87676965998667,546.463829658159,9.42522879725803,39.536,301989990.234375
2003,1060569.0,IVM + ALB,7.0,855132.0,80.62954885537857,80.62954885537857,TGO,538.16537776929,15.46995354,10.4570598974873,445.238691488925,10.17042045101,34.265,50090000.1525879
2003,80000000.0,IVM + ALB,30.0,3112889.0,71.86794757631537,3.89111125,NGA,763.388745367223,39.0772438,29.3592591376198,712.164852077686,28.6863473284877,37.356,309850006.103516
2003,2987266.0,DEC + ALB,3.0,1153468.0,79.49518639329948,38.61283193394897,KEN,442.898457253405,25.71190262,29.103314991973,402.936385605382,28.7335944914558,20.948,522900024.414063
2003,6000000.0,IVM + ALB,30.0,2681404.0,70.98378605041233,44.69006666666667,GHA,358.39927142073,23.23123741,8.13639297693297,297.46164468774,7.23251503810142,45.951,985039978.027344
2003,545537.0,DEC + ALB,3.0,374556.0,68.65822116556714,68.65822116556714,COM,959.787894504834,63.81992722,31.6201289990803,762.116930318449,31.0518318596718,27.947,24610000.6103516
2003,34000000.0,IVM + ALB,24.0,2335561.0,60.45562497007065,6.86929705882353,TZA,422.18359375,20.26038742,10.1362371194278,402.649047851563,8.88565368804983,23.611,1725760009.76563
2003,12429409.0,IVM + ALB,0.0,0.0,0.0,0.0,UGA,250.71543664681,14.2323103,17.0321532501804,241.984688408335,16.8151542285613,16.061,1003710021.97266
2004,13194581.0,IVM + ALB,37.0,6239697.0,74.27177982870953,47.28984573288079,BFA,403.81283743461,17.09873199,13.1317299489599,362.373899996953,12.2686574331796,20.757,647380004.882813
2004,545537.0,DEC + ALB,3.0,397314.0,77.6921948787141,72.82989054821213,COM,1091.27216412426,70.50469971,32.1413169353801,959.787894504834,31.6201289990803,27.903,25879999.1607666
2004,1063185.0,IVM + ALB,7.0,889393.0,83.5398677290672,83.65364447391565,TGO,560.266308533382,16.90148544,10.7455796253713,538.16537776929,10.4570598974873,34.724,65129997.253418
2004,2987266.0,DEC + ALB,0.0,0.0,0.0,0.0,KEN,463.662781300121,27.75096512,29.4748031581827,442.898457253405,29.103314991973,21.31,655929992.675781
2004,4362588.0,IVM + ALB,23.0,1127825.0,76.73380328741064,25.85220057452136,BEN,758.695803786371,25.34852219,10.3400677635835,676.002878084282,9.87676965998667,40.039,391790008.544922
2004,80000000.0,IVM + ALB,30.0,3236206.0,77.12186003416404,4.0452575,NGA,962.48104194733,44.16435242,30.0532638422315,763.388745367223,29.3592591376198,38.212,578770019.53125
2004,12429409.0,IVM + ALB,5.0,1158772.0,53.456314737424336,9.32282460091224,UGA,292.38185796262,18.61294365,17.2487008096089,250.71543664681,17.0321532501804,16.507,1222239990.23438
2004,10205132.0,IVM + ALB,39.0,3971869.0,73.85205265088712,38.92030989898024,GHA,406.132105329565,25.61305428,9.05994534742738,358.39927142073,8.13639297693297,46.63,1419010009.76563
2004,34000000.0,IVM + ALB,29.0,4225469.0,65.31094140566313,12.42785,TZA,450.385284423828,23.29498863,11.3353000997634,422.18359375,10.1362371194278,24.223,1774199951.17188
2005,572171.0,DEC + ALB,0.0,0.0,0.0,0.0,COM,1103.20658498402,67.78135681,32.6181080742434,1091.27216412426,32.1413169353801,27.875,23139999.3896484
2005,12429409.0,IVM + ALB,10.0,3483384.0,70.8751227664742,28.025338936066877,UGA,330.405402707025,25.88375473,17.4642525560946,292.38185796262,17.2487008096089,16.96,1195329956.05469
2005,13590357.0,IVM + ALB,55.0,10493483.0,77.21271045344872,77.21271045344872,BFA,441.164148016012,17.50115776,13.9805995453405,403.81283743461,13.1317299489599,21.537,698190002.441406
2005,2987266.0,DEC + ALB,3.0,1213229.0,72.30967014418675,40.61335682861854,KEN,523.456312433863,31.13827515,29.848047955005,463.662781300121,29.4748031581827,21.675,756570007.324219
2005,1064633.0,IVM + ALB,7.0,926769.0,84.75486295920327,87.05056108536932,TGO,551.259850017077,17.79439926,11.1773052397302,560.266308533382,10.7455796253713,35.185,82610000.6103516
2005,15821728.0,DEC + ALB,3.0,585550.0,81.36684629301791,3.700923186139972,MDG,305.812074924388,16.26181221,6.12117429647739,,,28.814,916150024.414063
2005,10205132.0,IVM + ALB,60.0,5135002.0,74.41638232180472,50.317840082813234,GHA,478.611909191028,39.75449371,10.0024406425603,406.132105329565,9.05994534742738,47.308,1152640014.64844
2005,11408323.0,IVM + ALB,3.0,476836.0,83.150554266114,4.179720367314284,MLI,461.457920288884,24.62482452,22.1609320906388,,,32.06,724590026.855469
2005,34126624.0,IVM + ALB,10.0,928339.0,79.91699587389778,2.7202778686810625,TZA,483.334869384766,27.53238869,12.5338225447733,450.385284423828,11.3353000997634,24.845,1492449951.17188
2005,80000000.0,IVM + ALB,30.0,3400000.0,64.15094339622641,4.25,NGA,1211.37703504386,53.92662048,30.7689136768009,962.48104194733,30.0532638422315,39.074,6401790039.0625
2005,4799900.0,IVM + ALB,33.0,1516490.0,75.414133989894,31.594199879164147,BEN,779.437777753268,25.97800064,10.814694218731,758.695803786371,10.3400677635835,40.543,349079986.572266
2006,80000000.0,IVM + ALB,30.0,3344896.0,74.35425379574151,4.18112,NGA,1599.53891556365,65.7237854,31.5068482626807,1211.37703504386,30.7689136768009,39.943,11431959960.9375
2006,1118424.0,IVM + ALB,7.0,954216.0,85.31791163279759,85.31791163279759,TGO,552.50227125256,18.60928154,11.6195512765709,551.259850017077,11.1773052397302,35.649,79830001.8310547
2006,10510647.0,IVM + ALB,61.0,6032545.0,70.87287117164523,57.39461138786223,GHA,906.441027564887,45.96789932,10.9638541974486,478.611909191028,10.0024406425603,47.988,1236250000.0
2006,12429409.0,IVM + ALB,0.0,0.0,0.0,0.0,UGA,346.518255310647,31.62604523,17.6794433895241,330.405402707025,17.4642525560946,17.425,1589229980.46875
2006,15821728.0,DEC + ALB,13.0,2130005.0,77.18600769539067,13.462530767814997,MDG,324.146874882604,16.76423645,6.60626040079226,305.812074924388,6.12117429647739,29.425,784409973.144531
2006,4799900.0,IVM + ALB,28.0,1461523.0,78.40292299092654,30.44903018812892,BEN,809.147072506221,27.52271461,11.3007400084745,779.437777753268,10.814694218731,41.049,400309997.558594
2006,38531568.0,IVM + ALB,38.0,6067789.0,71.99015689013538,15.74757871260261,TZA,475.746734619141,35.36390686,13.7317612866965,483.334869384766,12.5338225447733,25.478,1887650024.41406
2006,13938935.0,IVM + ALB,55.0,11127329.0,79.82911893914421,79.82911893914421,BFA,455.513655620024,20.64653969,14.8159146955023,441.164148016012,13.9805995453405,22.339,900549987.792969
2006,12299691.0,IVM + ALB,15.0,2316180.0,78.23806438667948,18.83120478392506,MLI,493.628706470251,27.65656662,23.6069559732511,461.457920288884,22.1609320906388,32.832,869200012.207031
2006,572171.0,DEC + ALB,1.0,29248.0,77.32247660339449,5.111758547706892,COM,1154.90422349749,65.70906067,33.0502370446673,1103.20658498402,32.6181080742434,27.863,32000000.0
2006,2987266.0,DEC + ALB,0.0,0.0,0.0,0.0,KEN,699.80237063381,41.07886505,30.2231399084341,523.456312433863,29.848047955005,22.045,941650024.414063
2007,4799900.0,IVM + ALB,28.0,1485608.0,80.90132389707463,30.950811475239064,BEN,912.338247188342,27.74564934,11.7983015321379,809.147072506221,11.3007400084745,41.558,413609985.351563
2007,37369939.0,IVM + ALB,30.0,6393215.0,68.53315047006822,17.10790857860378,TZA,543.198303222656,35.99416351,14.9287973517559,475.746734619141,13.7317612866965,26.121,2314260009.76563
2007,12990930.0,IVM + ALB,24.0,4527977.0,80.45862001748847,34.854910310501246,MLI,564.157958339126,30.42856026,25.0829117113185,493.628706470251,23.6069559732511,33.612,870469970.703125
2007,4248592.0,IVM + ALB,7.0,472405.0,78.68118800007994,11.119095455623889,SEN,1188.93877808175,41.32680893,44.2305886798635,,,42.535,732650024.414063
2007,15821728.0,DEC + ALB,17.0,2906529.0,79.53999441186829,18.370490252392152,MDG,419.548001431865,19.71751213,7.09404605387567,324.146874882604,6.60626040079226,30.043,688130004.882813
2007,3031878.0,DEC + ALB,0.0,0.0,0.0,0.0,KEN,840.201439476765,50.38684845,30.6001210320194,699.80237063381,30.2231399084341,22.42,1222040039.0625
2007,514110.0,DEC + ALB,2.0,345973.0,72.64006349153026,67.29552041391919,COM,1289.73631056361,69.87508392,33.4374468041965,1154.90422349749,33.0502370446673,27.867,42549999.2370605
2007,1173631.0,IVM + ALB,7.0,966532.0,85.58371652140497,82.35399371693488,TGO,607.588224471809,22.96606827,12.0722256956924,552.50227125256,11.6195512765709,36.116,122489997.86377
2007,10555253.0,IVM + ALB,9.0,2223903.0,72.2230034453564,21.06915864546307,NER,387.168065883301,20.83684349,8.99542619140241,,,16.234,465570007.324219
2007,4967802.0,IVM + ALB,6.0,1177214.0,61.32658047429076,23.69687841826224,SLE,578.648417351785,30.97717667,10.7956030782782,,,37.689,512429992.675781
2007,14333866.0,IVM + ALB,55.0,11613507.0,81.02145645843208,81.02145645843208,BFA,514.684451177238,27.04532623,15.5707854905595,455.513655620024,14.8159146955023,22.996,772260009.765625
2007,12839562.0,IVM + ALB,25.0,4923440.0,71.43389828246065,38.34585634619,UGA,401.389130865581,36.13018799,17.893860360696,346.518255310647,17.6794433895241,17.899,1364069946.28906
2007,10510647.0,IVM + ALB,61.0,5932174.0,63.931625773863054,56.43966541736203,GHA,1050.12461524926,54.75652313,11.9437515914647,906.441027564887,10.9638541974486,48.669,923229980.46875
2007,80000000.0,IVM + ALB,30.0,3414800.0,74.78634818445781,4.2685,NGA,1815.52697545827,69.15039063,32.267693402297,1599.53891556365,31.5068482626807,40.819,1643209960.9375
2008,514110.0,DEC + ALB,0.0,0.0,0.0,0.0,COM,1455.02768595586,73.73594666,33.7793067711292,1289.73631056361,33.4374468041965,27.886,41979999.5422363
2008,1205317.0,IVM + ALB,7.0,936848.0,85.29726412663554,77.72627449874182,TGO,718.948786366771,27.6753788,12.5354529601089,607.588224471809,12.0722256956924,36.587,282570007.324219
2008,40420017.0,IVM + ALB,20.0,3140683.0,71.5990332129029,7.770117959129013,TZA,675.977233886719,36.01263428,16.1250365499333,543.198303222656,14.9287973517559,26.776,1909569946.28906
2008,13264445.0,IVM + ALB,34.0,6450542.0,62.444374723440646,48.6303196251332,UGA,472.842681495852,40.08214951,18.107742128752,401.389130865581,17.893860360696,18.384,1463030029.29688
2008,63306769.0,IVM + ALB,36.0,3884644.0,73.35464243368634,6.136222178705724,NGA,2154.10543545364,80.09986115,33.0520742471129,1815.52697545827,32.267693402297,41.702,960679992.675781
2008,5319758.0,IVM + ALB,13.0,3179107.0,70.07666292011243,59.760368798731065,SLE,650.684422202761,36.24853897,11.4555103768436,578.648417351785,10.7956030782782,38.077,328559997.558594
2008,12887248.0,IVM + ALB,9.0,2704323.0,80.51417523317741,20.98448792170369,MWI,554.048820396119,32.93960953,18.4488656942881,,,15.326,872289978.027344
2008,15411849.0,IVM + ALB,63.0,12041890.0,81.78007830775492,78.1339734122752,BFA,619.437533256264,28.90426254,16.2596775904484,514.684451177238,15.5707854905595,23.534,821520019.53125
2008,13332921.0,IVM + ALB,30.0,5066874.0,61.631295804978016,38.002730234432505,MLI,658.493183322369,34.10325623,26.5889043994531,564.157958339126,25.0829117113185,34.403,854619995.117188
2008,3031878.0,DEC + ALB,3.0,1092068.0,62.67071973298886,36.01952321300527,KEN,915.54435473604,55.4166069,30.979034639325,840.201439476765,30.6001210320194,22.8,1249430053.71094
2008,5314600.0,IVM + ALB,7.0,447593.0,75.30849034064333,8.421950852368946,SEN,1398.79218010021,49.78118515,45.3148396181609,1188.93877808175,44.2305886798635,42.947,932340026.855469
2008,5282204.0,IVM + ALB,16.0,904775.0,84.10245017433522,17.128740200113437,BEN,1060.60254502099,29.14166451,12.3071178648893,912.338247188342,11.7983015321379,42.069,543330017.089844
2008,10355501.0,IVM + ALB,18.0,3849412.0,58.72511638883918,37.17262931074025,NER,475.044955398162,24.71139526,9.48812752048888,387.168065883301,8.99542619140241,16.229,553469970.703125
2008,11378229.0,IVM + ALB,61.0,7228639.0,70.64202037081829,63.5304404578252,GHA,1182.65761256016,61.90890884,12.9418000356966,1050.12461524926,11.9437515914647,49.351,1039339965.82031
2008,14305000.0,IVM + ALB,15.0,1165251.0,77.29460812115062,8.145760223698009,CMR,1492.14269801453,53.99885559,39.7329093241941,,,50.35,522450012.207031
2008,17389792.0,DEC + ALB,30.0,4891862.0,75.40985223907447,28.130652741562407,MDG,512.579800058444,21.33732986,7.58477424817969,419.548001431865,7.09404605387567,30.67,631559997.558594
2009,514110.0,DEC + ALB,0.0,0.0,0.0,0.0,COM,1410.30516959473,69.42589569,34.0757324816563,1455.02768595586,33.7793067711292,27.921,51159999.8474121
2009,11465194.0,IVM + ALB,22.0,6523176.0,72.53345644674155,56.89546988912704,NER,461.131533961487,24.40502357,9.97724246979752,475.044955398162,9.48812752048888,16.225,431230010.986328
2009,410000.0,DEC + ALB,7.0,144527.0,71.86322185427171,71.86322185427171,STP,1128.28046213305,76.35579681,31.8267788469795,,,63.823,29370000.8392334
2009,13798000.0,IVM + ALB,59.0,9730857.0,85.08506270470424,70.52367734454269,MLI,662.883388148082,35.57579422,28.1230644263015,658.493183322369,26.5889043994531,35.2,818750000.0
2009,70650902.0,IVM + ALB,50.0,4754864.0,57.33055052165662,6.730082511897725,NGA,1820.48633854782,68.00685883,33.8602865376741,2154.10543545364,33.0520742471129,42.588,1163290039.0625
2009,12887248.0,IVM + ALB,26.0,10805518.0,82.78134751767074,83.84659005553397,MWI,625.869729869625,35.80582047,20.7030013060694,554.048820396119,18.4488656942881,15.429,691989990.234375
2009,2600000.0,Not started,6.0,103724.0,20.24864145945035,50.39480810361761,COG,2271.15219175966,48.9272995,15.5506898875387,,,62.8,272440002.441406
2009,15538610.0,IVM + ALB,18.0,1607688.0,71.75586488176508,10.346408076398085,MOZ,547.697144193651,27.63411713,20.0645617499618,,,31.328,1800430053.71094
2009,13264445.0,IVM + ALB,0.0,0.0,0.0,0.0,UGA,798.947089938247,44.42161942,18.3208073608516,472.842681495852,18.107742128752,18.878,1391099975.58594
2009,5314600.0,IVM + ALB,7.0,412461.0,66.84239099608631,7.760903925036692,SEN,1308.69404336205,50.8613205,46.3960167988497,1398.79218010021,45.3148396181609,43.359,884799987.792969
2009,49140000.0,Not started,182.0,10492227.0,100.17987701266964,80.9,COD,280.798051526498,13.18276978,19.8835864068139,,,39.491,1960719970.70313
2009,3600000.0,IVM + ALB,13.0,0.0,0.0,0.0,LBR,448.386367025545,52.30115128,15.4613878781595,,,47.445,468260009.765625
2009,3031878.0,DEC + ALB,0.0,0.0,0.0,0.0,KEN,1047.9678324485,55.28591537,31.3598599769359,915.54435473604,30.979034639325,23.183,1697680053.71094
2009,1311741.0,IVM + ALB,33.0,116137.0,64.23257737915458,11.975895883895692,GNB,583.190020139094,27.59508705,12.2823572765206,,,39.716,134770004.272461
2009,420000.0,IVM + ALB,15.0,0.0,0.0,0.0,GNQ,13232.5019378102,255.58073425,63.0143172996571,,,64.358,33509998.3215332
2009,1191720.0,IVM + ALB,2.0,329660.0,82.57395486311148,27.66253818010942,TGO,720.694168794129,29.0416832,13.0082555482649,718.948786366771,12.5354529601089,37.058,487420013.427734
2009,5319758.0,IVM + ALB,12.0,3476726.0,74.05623051131369,65.35496539504241,SLE,624.898797932327,37.96392822,12.1362209658532,650.684422202761,11.4555103768436,38.466,411260009.765625
2009,6067135.0,IVM + ALB,24.0,0.0,0.0,0.0,GIN,662.185914665681,24.00493431,16.841000124284,,,33.391,242970001.220703
2009,3577000.0,DEC + ALB,2.0,62548.0,48.59976795504698,30.678978659850078,ERI,642.92572288007,22.65766335,11.0220410741386,,,34.585,136600006.103516
2009,11587953.0,IVM + ALB,74.0,7204038.0,74.82994299596363,62.16833982671487,GHA,1047.70430093586,61.81399536,13.9573276526153,1182.65761256016,12.9418000356966,50.031,1336790039.0625
2009,17948748.0,DEC + ALB,30.0,5046639.0,74.64391109417727,28.116941638492,MDG,446.315238370592,19.96823883,8.07809185945002,512.579800058444,7.58477424817969,31.301,399100006.103516
2009,14000000.0,IVM + ALB,3.0,914720.0,78.88284941354424,6.533714285714286,CIV,1540.45393569596,72.83110809,26.7970814130263,,,46.91,2217520019.53125
2009,12090000.0,IVM + ALB,0.0,0.0,0.0,0.0,AGO,3136.64546955947,120.0315094,39.7942707753161,,,59.034,218600006.103516
2009,30000000.0,IVM + ALB,5.0,77442.0,78.19501802356696,0.25814,ETH,368.574712267445,15.36375141,5.56530539724539,,,16.91,2785310058.59375
2009,37369939.0,IVM + ALB,23.0,4396112.0,73.23390590149292,11.763765522871203,TZA,693.823547363281,33.38547516,17.3196247396948,675.977233886719,16.1250365499333,27.439,2300419921.875
2009,6000000.0,DEC + ALB,0.0,0.0,0.0,0.0,ZWE,735.444551727601,98.24945831,41.7711991394054,,,33.378,736539978.027344
2009,14305000.0,IVM + ALB,9.0,616160.0,74.61524395634204,4.307305138063614,CMR,1461.38999232337,50.604702,39.9666331909279,1492.14269801453,39.7329093241941,50.954,596159973.144531
2009,15411849.0,IVM + ALB,63.0,12326907.0,79.98331024395581,79.98331024395581,BFA,601.569520671859,30.68659401,16.9336302229932,619.437533256264,16.2596775904484,24.079,858599975.585938
2009,7270000.0,IVM + ALB,12.0,1285239.0,71.29528560964178,23.1,TCD,781.143474044293,36.02885056,10.4835850614972,,,21.934,553750000.0
2009,8780000.0,DEC + ALB,0.0,0.0,0.0,0.0,ZMB,1136.24168316848,59.36890793,27.5935099893468,,,38.861,1228239990.23438
2009,5282204.0,IVM + ALB,16.0,908775.0,85.0737675759675,17.204466166017063,BEN,1024.10277858112,30.67226219,12.8267358396861,1060.60254502099,12.3071178648893,42.58,587049987.792969
2009,3300000.0,IVM + ALB,0.0,0.0,0.0,0.0,CAF,456.471673898404,21.82637405,18.3030851796557,,,38.694,212360000.610352
2010,30000000.0,IVM + ALB,5.0,73435.0,72.69856355122609,0.2447833333333333,ETH,330.619412798644,16.40672684,5.88367348842843,368.574712267445,5.56530539724539,17.319,3455159912.10938
2010,16819434.0,IVM + ALB,43.0,3676469.0,69.83985234440864,21.85845849509561,CMR,1398.58702025047,49.50485611,40.2024295671356,1461.38999232337,39.9666331909279,51.559,540229980.46875
2010,3300000.0,IVM + ALB,2.0,193919.0,47.84449472133744,5.876333333333333,CAF,476.873786950728,16.40023994,17.9009514050434,456.471673898404,18.3030851796557,38.904,260980010.986328
2010,3577000.0,DEC + ALB,2.0,62548.0,48.59976795504698,30.678978659850078,ERI,539.699512069686,24.43300056,11.2019449777584,642.92572288007,11.0220410741386,35.175,162309997.558594
2010,1191720.0,IVM + ALB,7.0,329660.0,67.17142857142858,27.66253818010942,TGO,704.987164181378,31.36204338,13.4914168494847,720.694168794129,13.0082555482649,37.533,403380004.882813
2010,420000.0,IVM + ALB,15.0,0.0,0.0,0.0,GNQ,13720.1658723222,241.66999817,63.8311923686012,13232.5019378102,63.0143172996571,65.94,85069999.6948242
2010,8780000.0,DEC + ALB,0.0,0.0,0.0,0.0,ZMB,1451.10616017155,58.39817047,28.4217753410918,1136.24168316848,27.5935099893468,39.355,919320007.324219
2010,11925399.0,IVM + ALB,69.0,7491873.0,75.17424726645869,62.82282882107341,GHA,1263.89251760539,71.6121521,14.9904419527654,1047.70430093586,13.9573276526153,50.713,1697219970.70313
2010,49140000.0,Not started,182.0,10492227.0,100.17987701266964,80.9,COD,314.53858629844,12.53950882,19.4987268908352,280.798051526498,19.8835864068139,40.013,3483649902.34375
2010,6127337.0,IVM + ALB,14.0,4760021.0,77.68498778506878,77.68498778506878,SLE,648.129229488008,36.55500031,12.8377260886087,624.898797932327,12.1362209658532,38.856,458299987.792969
2010,1311741.0,IVM + ALB,33.0,116137.0,64.23257737915458,11.975895883895692,GNB,600.194298540768,31.5948391,13.4760634593862,583.190020139094,12.2823572765206,40.111,129000000.0
2010,12090000.0,IVM + ALB,0.0,0.0,0.0,0.0,AGO,3597.34293216332,96.66415405,41.0607923213848,3136.64546955947,39.7942707753161,59.783,235169998.168945
2010,88966825.0,IVM + ALB,103.0,10489790.0,48.94373434171575,11.790675906440406,NGA,2202.25672957344,75.58924866,34.6931332709606,1820.48633854782,33.8602865376741,43.48,2052360107.42188
2010,11465194.0,IVM + ALB,29.0,7802679.0,72.73644979692058,68.05535955170056,NER,474.425692340831,23.33815765,10.4624965004898,461.131533961487,9.97724246979752,16.221,741380004.882813
2010,17118460.0,IVM + ALB,37.0,3739881.0,74.35454128846204,21.84706451398081,MOZ,496.185839392659,26.17583847,21.3170069551163,547.697144193651,20.0645617499618,31.83,1943130004.88281
2010,410000.0,DEC + ALB,7.0,144527.0,71.86322185427171,71.86322185427171,STP,1045.20958234528,74.38393402,33.1528174421221,1128.28046213305,31.8267788469795,64.952,50189998.626709
2010,15039794.0,IVM + ALB,59.0,10046835.0,84.79735024818001,66.80167959747321,MLI,670.369098976461,32.20446396,29.6838043988009,662.883388148082,28.1230644263015,35.999,1091459960.9375
2010,5282204.0,IVM + ALB,16.0,946317.0,85.61049417618455,17.91519221900555,BEN,973.244254493089,30.38452339,13.3574318576564,1024.10277858112,12.8267358396861,43.093,689270019.53125
2010,13065294.0,IVM + ALB,27.0,10797082.0,82.63941094628258,82.63941094628258,MWI,683.124694716799,34.2412796,22.9502207251724,625.869729869625,20.7030013060694,15.544,1016849975.58594
2010,18602379.0,DEC + ALB,49.0,6868762.0,66.33046734711911,36.92410524481842,MDG,450.009391645726,21.57974052,8.57423264087617,446.315238370592,8.07809185945002,31.938,477309997.558594
2010,6000000.0,DEC + ALB,0.0,0.0,0.0,0.0,ZWE,901.554443558321,98.24945831,41.1551678278732,735.444551727601,41.7711991394054,33.196,712530029.296875
2010,5314600.0,IVM + ALB,50.0,1123495.0,49.27633367518055,11.119095455623889,SEN,1275.88357492357,51.81986618,47.4746195159613,1308.69404336205,46.3960167988497,43.773,936400024.414063
2010,3600000.0,IVM + ALB,13.0,0.0,0.0,0.0,LBR,492.252808033724,50.63946533,15.9511988042973,448.386367025545,15.4613878781595,47.813,1416109985.35156
2010,15411849.0,IVM + ALB,0.0,0.0,0.0,0.0,BFA,624.957252224766,32.8663559,17.5931679395271,601.569520671859,16.9336302229932,24.633,1044619995.11719
2010,3031878.0,DEC + ALB,0.0,0.0,0.0,0.0,KEN,1091.51873101194,58.93074799,31.74269809332,1047.9678324485,31.3598599769359,23.571,1631260009.76563
2010,6067135.0,IVM + ALB,24.0,0.0,0.0,0.0,GIN,659.235326211315,22.8732872,17.8258881812328,662.185914665681,16.841000124284,33.678,220970001.220703
2010,14704200.0,IVM + ALB,38.0,9183256.0,72.42442257269805,62.45328545585615,UGA,823.488144282,51.96447372,18.5332942492702,798.947089938247,18.3208073608516,19.383,1690140014.64844
2010,37369939.0,IVM + ALB,22.0,4465654.0,73.27444669896505,11.949856273514389,TZA,736.530151367188,36.89682007,18.5129732606357,693.823547363281,17.3196247396948,28.114,2960310058.59375
2010,514110.0,DEC + ALB,0.0,0.0,0.0,0.0,COM,1386.5742428453,69.0898819,34.3266154418974,1410.30516959473,34.0757324816563,27.973,69910003.6621094
2010,7270000.0,IVM + ALB,12.0,1285239.0,71.29528560964178,23.1,TCD,866.439680905028,36.498703,10.6144009031658,781.143474044293,10.4835850614972,21.985,490160003.662109
2010,2600000.0,Not started,6.0,103724.0,20.24864145945035,50.39480810361761,COG,2946.55798067708,54.86231995,16.0823109686403,2271.15219175966,15.5506898875387,63.256,1315089965.82031
2010,14000000.0,IVM + ALB,13.0,2458436.0,31.484721604293664,17.560257142857143,CIV,1553.54887048143,71.98825836,27.5606050351637,1540.45393569596,26.7970814130263,47.33,845309997.558594
2011,12150323.0,IVM + ALB,70.0,7761897.0,73.79332480037176,63.88222765765157,GHA,1507.43573198753,95.87026215,16.0404640405783,1263.89251760539,14.9904419527654,51.394,1803869995.11719
2011,1582496.0,IVM + ALB,33.0,264712.0,73.95574032011577,16.727498837279843,GNB,719.539573498937,44.70295334,14.6859905747985,600.194298540768,13.4760634593862,40.508,120639999.389648
2011,420000.0,IVM + ALB,15.0,0.0,0.0,0.0,GNQ,17198.2136668275,266.68746948,64.6283691531245,13720.1658723222,63.8311923686012,67.488,24549999.2370605
2011,16166882.0,IVM + ALB,60.0,11926872.0,79.83102174295875,73.77348334700532,MLI,789.06272549554,32.52751923,31.2702844442832,670.369098976461,29.6838043988009,36.799,1267619995.11719
2011,1191720.0,IVM + ALB,7.0,329660.0,67.17142857142858,27.66253818010942,TGO,783.989380490906,35.2552681,13.9893165783066,704.987164181378,13.4914168494847,38.032,542380004.882813
2011,5812099.0,IVM + ALB,14.0,531313.0,84.20668089887997,9.141499482372891,BEN,1059.41358915783,32.9503212,13.8991204082012,973.244254493089,13.3574318576564,43.608,672609985.351563
2011,16673025.0,IVM + ALB,125.0,7943616.0,77.99348334124367,47.643519997121096,CMR,1513.96056994878,57.71255493,40.4400396496545,1398.58702025047,40.2024295671356,52.164,612080017.089844
2011,3300000.0,IVM + ALB,0.0,0.0,0.0,0.0,CAF,534.057281471636,18.9371357,17.504011935079,476.873786950728,17.9009514050434,39.135,268769989.013672
2011,3577000.0,DEC + ALB,2.0,62548.0,48.59976795504698,30.678978659850078,ERI,688.68165957684,33.27035522,11.3735399803252,539.699512069686,11.2019449777584,35.771,133410003.662109
2011,7270000.0,IVM + ALB,12.0,1285239.0,71.29528560964178,23.1,TCD,954.316872911808,38.68487549,10.7545445031211,866.439680905028,10.6144009031658,22.054,457660003.662109
2011,14104061.0,IVM + ALB,26.0,11258343.0,79.82341397984595,79.82341397984595,MWI,763.061000394572,39.60096741,25.1902515685701,683.124694716799,22.9502207251724,15.672,798280029.296875
2011,8780000.0,DEC + ALB,0.0,0.0,0.0,0.0,ZMB,1624.86817763443,65.0934906,29.2415052848176,1451.10616017155,28.4217753410918,39.851,1033469970.70313
2011,2600000.0,Not started,6.0,103724.0,20.24864145945035,50.39480810361761,COG,3396.16505817952,59.84463501,16.6267536896129,2946.55798067708,16.0823109686403,63.712,261239990.234375
2011,30000000.0,IVM + ALB,5.0,84929.0,81.74424424424424,0.2830966666666666,ETH,343.024942351887,14.83500671,6.19978430281278,330.619412798644,5.88367348842843,17.735,3495889892.57813
2011,16570898.0,IVM + ALB,63.0,12825582.0,81.30330671692684,77.39823152613697,BFA,725.024767725475,33.8243866,18.2380244727644,624.957252224766,17.5931679395271,25.196,981979980.46875
2011,18602379.0,DEC + ALB,61.0,0.0,0.0,0.0,MDG,506.163691559309,23.37224197,9.07317357345326,450.009391645726,8.57423264087617,32.58,447279998.779297
2011,3421741.0,DEC + ALB,9.0,1259903.0,58.26903590157695,36.82052499005623,KEN,1096.14499807675,57.18780136,32.1277605077796,1091.51873101194,31.74269809332,23.969,2478820068.35938
2011,6000000.0,DEC + ALB,0.0,0.0,0.0,0.0,ZWE,1037.25491018154,87.49465179,40.5413106062604,901.554443558321,41.1551678278732,33.015,722580017.089844
2011,5314600.0,IVM + ALB,50.0,1123495.0,49.27633367518055,11.119095455623889,SEN,1374.67591873844,58.30465698,48.5501486192775,1275.88357492357,47.4746195159613,44.188,1054599975.58594
2011,514110.0,DEC + ALB,0.0,0.0,0.0,0.0,COM,1531.43789372951,80.95452881,34.5313813628435,1386.5742428453,34.3266154418974,28.04,55349998.4741211
2011,410000.0,DEC + ALB,7.0,144527.0,71.86322185427171,71.86322185427171,STP,1219.80189089671,84.74559784,34.4829426011606,1045.20958234528,33.1528174421221,66.064,73480003.3569336
2011,3600000.0,IVM + ALB,13.0,0.0,0.0,0.0,LBR,568.087865520004,54.34541321,16.4501799867755,492.252808033724,15.9511988042973,48.193,762250000.0
2011,14203400.0,IVM + ALB,53.0,8766071.0,63.77917740951975,61.71811678893786,UGA,835.620060555838,55.3051796,18.7450509527494,823.488144282,18.5332942492702,19.898,1572920043.94531
2011,17114949.0,IVM + ALB,65.0,8496428.0,81.31160029169642,49.643314741983744,MOZ,618.17649286789,30.28253746,22.5867672282022,496.185839392659,21.3170069551163,32.336,2065469970.70313
2011,106124877.0,IVM + ALB,185.0,19887248.0,57.74711585253405,18.73947802078489,NGA,2418.41316975875,83.10647583,35.5499398732214,2202.25672957344,34.6931332709606,44.366,1809859985.35156
2011,14000000.0,No MDA,0.0,0.0,0.0,0.0,CIV,1596.62826565998,72.44979095,28.3316063644831,1553.54887048143,27.5606050351637,47.751,1437709960.9375
2011,11605401.0,IVM + ALB,30.0,7394521.0,63.71620969548658,63.71620420526615,NER,510.75956176268,24.68768311,10.9435748894921,474.425692340831,10.4624965004898,16.216,644669982.910156
2011,6067135.0,IVM + ALB,24.0,0.0,0.0,0.0,GIN,636.694958747648,24.42393684,18.8300747464885,659.235326211315,17.8258881812328,33.966,202119995.117188
2011,49140000.0,Not started,182.0,10492227.0,100.17987701266964,80.9,COD,364.714191777632,12.27988434,19.1224516966063,314.53858629844,19.4987268908352,40.544,5526459960.9375
2011,12090000.0,IVM + ALB,0.0,0.0,0.0,0.0,AGO,4615.91059831778,121.91368866,42.3266654473422,3597.34293216332,41.0607923213848,60.528,192940002.441406
2011,43956328.0,IVM + ALB,69.0,10912153.0,76.19968478688199,24.824987655929768,TZA,775.392761230469,37.43364334,19.7043086556293,736.530151367188,18.5129732606357,28.798,2441830078.125
2011,6312745.0,IVM + ALB,14.0,5074218.0,80.3805317654998,80.3805317654998,SLE,718.161680687537,47.91463089,13.560179661658,648.129229488008,12.8377260886087,39.248,423890014.648438
2012,12090000.0,IVM + ALB,0.0,0.0,0.0,0.0,AGO,5086.02740086376,121.79575348,43.5914724861148,4615.91059831778,42.3266654473422,61.268,243610000.610352
2012,16779208.0,IVM + ALB,57.0,12437078.0,81.03005579226726,74.12196094118387,BFA,731.470138867833,33.78236771,18.8675829272628,725.024767725475,18.2380244727644,25.767,1152319946.28906
2012,14807685.0,IVM + ALB,26.0,11877822.0,80.21390244322458,80.21390244322458,MWI,558.46208832772,32.80570221,27.422603378864,763.061000394572,25.1902515685701,15.812,1170910034.17969
2012,6067135.0,IVM + ALB,24.0,0.0,0.0,0.0,GIN,699.353377212197,23.99205208,19.8535692875928,636.694958747648,18.8300747464885,34.255,633179992.675781
2012,108526381.0,IVM + ALB,154.0,15815548.0,52.925594713821496,14.57299861496349,NGA,2633.19734671361,91.06047821,36.4309333257504,2418.41316975875,35.5499398732214,45.246,1916109985.35156
2012,8780000.0,DEC + ALB,0.0,0.0,0.0,0.0,ZMB,1710.05061343728,69.96878815,30.0534088180325,1624.86817763443,29.2415052848176,40.354,957140014.648438
2012,30000000.0,IVM + ALB,21.0,987414.0,78.63078932280054,3.29138,ETH,452.101031885754,20.28753662,6.51408999312917,343.024942351887,6.19978430281278,18.16,3243290039.0625
2012,3421741.0,DEC + ALB,0.0,0.0,0.0,0.0,KEN,1285.00536171512,64.72195435,32.5150753685583,1096.14499807675,32.1277605077796,24.376,2653659912.10938
2012,410000.0,DEC + ALB,7.0,144527.0,71.86322185427171,71.86322185427171,STP,1210.79264672325,86.12266541,35.8167422474695,1219.80189089671,34.4829426011606,67.16,50700000.7629395
2012,5314600.0,IVM + ALB,50.0,1123495.0,49.27633367518055,11.119095455623889,SEN,1326.83798848379,56.95115662,49.62215098708,1374.67591873844,48.5501486192775,44.603,1075770019.53125
2012,18602379.0,DEC + ALB,7.0,907295.0,66.88001851686678,4.877306284319872,MDG,493.511162904211,19.71853828,9.57497722568056,506.163691559309,9.07317357345326,33.227,368489990.234375
2012,6000000.0,DEC + ALB,0.0,0.0,0.0,0.0,ZWE,1238.60109002194,89.26095581,39.9294247255203,1037.25491018154,40.5413106062604,32.834,1001590026.85547
2012,45173251.0,IVM + ALB,80.0,14338713.0,65.77590120728878,31.7416007982246,TZA,861.969909667969,41.63511276,20.8937174720611,775.392761230469,19.7043086556293,29.493,2822229980.46875
2012,17114949.0,IVM + ALB,0.0,0.0,0.0,0.0,MOZ,685.685748199513,35.03115845,23.8737014232425,618.17649286789,22.5867672282022,32.846,2071699951.17188
2012,2600000.0,Not started,6.0,103724.0,20.24864145945035,50.39480810361761,COG,3732.32737320389,71.6878891,17.1843319776117,3396.16505817952,16.6267536896129,64.169,140130004.882813
2012,16166882.0,IVM + ALB,42.0,10373698.0,80.69632987479258,64.16634945439695,MLI,733.738935290444,28.26848984,32.8816854500786,789.06272549554,31.2702844442832,37.599,995580017.089844
2012,14464244.0,IVM + ALB,36.0,6052350.0,66.99025708957669,41.84352808207605,UGA,795.222867553127,55.14218903,18.9561823261431,835.620060555838,18.7450509527494,20.424,1642500000.0
2012,1191720.0,IVM + ALB,7.0,329660.0,67.17142857142858,27.66253818010942,TGO,762.392047587088,36.26974869,14.4998960284454,783.989380490906,13.9893165783066,38.546,245080001.831055
2012,7270000.0,IVM + ALB,12.0,1285239.0,71.29528560964178,23.1,TCD,936.141444963822,37.49700546,10.904855366766,954.316872911808,10.7545445031211,22.142,475130004.882813
2012,14000000.0,No MDA,0.0,0.0,0.0,0.0,CIV,1546.9460184731,74.48454285,29.1096545103652,1596.62826565998,28.3316063644831,48.172,2908330078.125
2012,3600000.0,IVM + ALB,13.0,2217320.0,81.06704962912698,61.59222222222223,LBR,638.368751462083,50.35652542,16.9578913961146,568.087865520004,16.4501799867755,48.583,566710021.972656
2012,12467592.0,IVM + ALB,30.0,8926672.0,71.59900644807755,71.59900644807755,NER,528.510104469655,22.56604767,11.4210866098121,510.75956176268,10.9435748894921,16.212,891140014.648438
2012,1582496.0,IVM + ALB,33.0,116137.0,64.23257737915458,11.975895883895692,GNB,635.461653303881,37.72527695,15.9125580822648,719.539573498937,14.6859905747985,40.908,80279998.7792969
2012,6667687.0,IVM + ALB,14.0,5296185.0,79.43061814389307,79.43061814389307,SLE,904.840762004552,50.08378601,14.3035858013974,718.161680687537,13.560179661658,39.642,439739990.234375
2012,11925399.0,IVM + ALB,70.0,7649497.0,73.62268405341374,64.1445791457376,GHA,1543.77524235764,83.48946381,17.1069348843732,1507.43573198753,16.0404640405783,52.073,1799280029.29688
2012,514110.0,DEC + ALB,0.0,0.0,0.0,0.0,COM,1490.31511351281,76.77297974,34.6899269606426,1531.43789372951,34.5313813628435,28.123,101610000.610352
2012,3300000.0,IVM + ALB,4.0,432450.0,77.66060993524242,13.104545454545455,CAF,544.395849142785,20.60425186,17.1121604556915,534.057281471636,17.504011935079,39.388,228020004.272461
2012,17091469.0,IVM + ALB,115.0,8385808.0,80.79568907650224,49.06429049486618,CMR,1449.09874362279,56.3600235,40.679527922419,1513.96056994878,40.4400396496545,52.769,597159973.144531
2012,49140000.0,Not started,182.0,10492227.0,100.17987701266964,80.9,COD,400.059901824342,13.62572193,18.7546676228376,364.714191777632,19.1224516966063,41.082,2846120117.1875
2012,3577000.0,DEC + ALB,2.0,62548.0,48.59976795504698,30.678978659850078,ERI,688.68165957684,25.96233749,11.5365169297833,688.68165957684,11.3735399803252,36.372,135960006.713867
2012,3747913.0,IVM + ALB,13.0,656329.0,80.72440898396037,17.511852596364964,BEN,1071.52583567484,34.21852112,14.4517136045026,1059.41358915783,13.8991204082012,44.125,507880004.882813
2012,420000.0,IVM + ALB,15.0,0.0,0.0,0.0,GNQ,17308.5723924575,284.08352661,65.4060707706963,17198.2136668275,64.6283691531245,69.0,14449999.8092651
2013,8114652.0,IVM + ALB,13.0,732268.0,49.27633367518055,9.024022225475596,SEN,1379.83196553924,61.02893066,50.6907763152699,1326.83798848379,49.62215098708,45.019,994419982.910156
2013,3421741.0,DEC + ALB,0.0,0.0,0.0,0.0,KEN,1370.87885214659,67.89151001,32.9047720711466,1285.00536171512,32.5150753685583,24.794,3306840087.89063
2013,10237354.0,IVM + ALB,91.0,7859416.0,76.77194712618125,76.77194712618125,GHA,2294.025645187,104.81430817,18.1892648687887,1543.77524235764,17.1069348843732,52.748,1328170043.94531
2013,17091469.0,IVM + ALB,131.0,9338427.0,79.86914819317357,54.637942472937816,CMR,1575.92882118897,56.61405563,40.9206144735396,1449.09874362279,40.679527922419,53.373,751960021.972656
2013,1668680.0,IVM + ALB,33.0,264358.0,69.38566606648854,15.842342450320013,GNB,654.304534409417,46.01106644,17.1557987744749,635.461653303881,15.9125580822648,41.31,105620002.746582
2013,2600000.0,IVM + ALB,5.0,103724.0,92.81291384802606,3.989384615384616,COG,3697.41705884249,72.29035187,17.7552084286539,3732.32737320389,17.1843319776117,64.627,150970001.220703
2013,7270000.0,IVM + ALB,12.0,1285239.0,71.29528560964178,23.1,TCD,946.129583097771,39.97917175,11.0657151939012,936.141444963822,10.904855366766,22.248,459339996.337891
2013,6820160.0,IVM + ALB,14.0,5494161.0,80.55765553887298,80.55765553887298,SLE,1146.4163912665,81.8790741,15.067603703245,904.840762004552,14.3035858013974,40.036,449059997.558594
2013,6067135.0,IVM + ALB,24.0,0.0,0.0,0.0,GIN,748.455020824734,26.22439003,20.8963805793729,699.353377212197,19.8535692875928,34.545,467420013.427734
2013,1659558.0,IVM + ALB,0.0,0.0,0.0,61.4,SSD,1650.18943353528,27.0063858,8.78381166341978,,,18.415,1399300048.82813
2013,13113401.0,IVM + ALB,47.0,9368472.0,71.44196993594568,71.44196993594568,BFA,759.762065168498,42.40937042,19.4816080899317,731.470138867833,18.8675829272628,26.346,1045079956.05469
2013,17443064.0,IVM + ALB,5.0,1500714.0,70.02492634549539,8.60349993556178,CIV,1786.15862031324,71.52493286,29.894622861839,1546.9460184731,29.1096545103652,48.593,1273439941.40625
2013,12090000.0,IVM + ALB,0.0,0.0,0.0,0.0,AGO,5057.74787833163,142.88616943,44.8547922195447,5086.02740086376,43.5914724861148,62.002,285540008.544922
2013,114286356.0,IVM + ALB,181.0,22538959.0,73.6256832617279,19.72147838889885,NGA,2872.79083379398,100.81700897,37.3360752432271,2633.19734671361,36.4309333257504,46.118,2515659912.10938
2013,49140000.0,Not started,182.0,10492227.0,100.17987701266964,80.9,COD,431.191528160935,15.86667633,18.3953627320994,400.059901824342,18.7546676228376,41.627,2584000000.0
2013,12604890.0,IVM + ALB,30.0,8189778.0,69.12829724116595,64.97302237464983,NER,552.103334363117,24.43749619,11.8947265091648,528.510104469655,11.4210866098121,16.208,797299987.792969
2013,39900484.0,IVM + ALB,102.0,17114802.0,77.13403824549513,42.89372028670129,TZA,963.05712890625,43.09357452,22.0803159001061,861.969909667969,20.8937174720611,30.196,3433239990.23438
2013,17726780.0,IVM + ALB,94.0,11467739.0,84.98732979636297,64.69160783853583,MOZ,686.505672517351,41.17826843,25.1776607454077,685.685748199513,23.8737014232425,33.36,2312699951.17188
2013,1191720.0,IVM + ALB,7.0,329660.0,67.17142857142858,27.66253818010942,TGO,826.543259457126,40.56192398,15.0199254601717,762.392047587088,14.4998960284454,39.061,226320007.324219
2013,14875650.0,IVM + ALB,45.0,7532845.0,66.79634569562603,50.63876200367715,UGA,818.285427416713,53.0015564,19.1662858984987,795.222867553127,18.9561823261431,20.958,1697089965.82031
2013,420000.0,IVM + ALB,15.0,0.0,0.0,0.0,GNQ,16304.0713196418,289.67935181,66.0469430159927,17308.5723924575,65.4060707706963,69.544,4630000.11444092
2013,17309000.0,IVM + ALB,45.0,12207072.0,82.05019006131849,70.52442082153793,MLI,758.475532598732,30.89883041,34.5171909966045,733.738935290444,32.8816854500786,38.398,1397520019.53125
2013,514110.0,DEC + ALB,0.0,0.0,0.0,0.0,COM,1603.32797107303,81.4433136,34.802124546897,1490.31511351281,34.6899269606426,28.223,81230003.3569336
2013,3300000.0,IVM + ALB,0.0,0.0,0.0,0.0,CAF,364.36696260838,16.78926849,16.7250416362785,544.395849142785,17.1121604556915,39.663,202820007.324219
2013,3747913.0,IVM + ALB,25.0,1155182.0,105.41597617152992,30.822006807521944,BEN,1168.92699314206,34.83580017,15.0147440721455,1071.52583567484,14.4517136045026,44.642,660200012.207031
2013,3577000.0,DEC + ALB,2.0,62548.0,48.59976795504698,30.678978659850078,ERI,688.68165957684,29.52669525,11.6362700513655,688.68165957684,11.5365169297833,36.979,81309997.5585938
2013,8780000.0,DEC + ALB,7.0,692310.0,83.14687708299556,7.885079726651481,ZMB,1820.71854827391,84.19036102,30.8570284614837,1710.05061343728,30.0534088180325,40.865,1145250000.0
2013,14989401.0,IVM + ALB,26.0,12443745.0,83.01695978378322,83.01695978378322,MWI,496.947368267313,39.87806702,29.6470619862229,558.46208832772,27.422603378864,15.966,1132550048.82813
2013,410000.0,DEC + ALB,7.0,144527.0,71.86322185427171,71.86322185427171,STP,1382.5757842916,124.09713745,37.1493809462961,1210.79264672325,35.8167422474695,68.208,53750000.0
2013,30000000.0,IVM + ALB,33.0,1422298.0,74.19255559102697,4.740993333333334,ETH,484.039833104062,19.53577042,6.82389059062955,452.101031885754,6.51408999312917,18.575,3885540039.0625
2013,2938370.0,IVM + ALB,13.0,2445275.0,100.26348494720256,83.21875733825216,LBR,710.744570927863,48.74785614,17.4748084783238,638.368751462083,16.9578913961146,48.985,535929992.675781
2013,17784306.0,DEC + ALB,62.0,7892186.0,66.394214518252,44.37725036894889,MDG,515.301589361832,19.75903702,10.0796108080669,493.511162904211,9.57497722568056,33.878,499279998.779297
2013,6000000.0,DEC + ALB,0.0,0.0,0.0,0.0,ZWE,1362.30066802685,100.13693237,39.3197198966502,1238.60109002194,39.9294247255203,32.654,827539978.027344
2014,11650319.0,IVM + ALB,41.0,8202072.0,101.19851700192956,70.40212375300625,BFA,764.861675106225,38.37065506,20.0801867081172,759.762065168498,19.4816080899317,26.934,1123359985.35156
2014,8351297.0,IVM + ALB,6.0,662895.0,70.21768812688217,7.937629328713851,SEN,1398.89137601382,62.2051239,51.7558632183278,1379.83196553924,50.6907763152699,45.436,1108680053.71094
2014,12090000.0,IVM + ALB,0.0,0.0,0.0,0.0,AGO,5005.9997412707,130.74234009,46.1170299677134,5057.74787833163,44.8547922195447,62.731,235389999.389648
2014,3603390.0,DEC + ALB,0.0,0.0,0.0,0.0,KEN,1482.81566253497,73.19489288,33.2968469581464,1370.87885214659,32.9047720711466,25.221,2661030029.29688
2014,6067135.0,IVM + ALB,4.0,956726.0,83.4990993129643,15.768991459725225,GIN,765.146999389279,37.0862999,21.9585172286295,748.455020824734,20.8963805793729,34.836,563119995.117188
2014,10236777.0,IVM + ALB,28.0,7165277.0,87.49423036627222,69.99543899412872,NER,565.30989731175,24.89271736,12.369659574494,552.103334363117,11.8947265091648,16.219,917780029.296875
2014,2938370.0,IVM + ALB,0.0,0.0,0.0,0.0,LBR,706.714490064507,59.98974228,18.0004756381115,710.744570927863,17.4748084783238,49.397,749590026.855469
2014,18218250.0,IVM + ALB,104.0,13976842.0,97.1125487201037,76.71890549311816,MOZ,697.142680444123,43.08488846,26.498493533672,686.505672517351,25.1776607454077,33.878,2106010009.76563
2014,3767037.0,IVM + ALB,25.0,1273314.0,58.32868376425447,33.801473147197655,BEN,1204.39918700511,33.67948914,15.5894570732653,1168.92699314206,15.0147440721455,45.166,599320007.324219
2014,6000000.0,DEC + ALB,0.0,0.0,0.0,0.0,ZWE,1372.21278071456,114.44429779,38.7170871077261,1362.30066802685,39.3197198966502,32.504,760570007.324219
2014,17092155.0,IVM + ALB,13.0,1445937.0,93.79651108481754,8.45965298114837,MLI,797.154510755732,36.67969894,36.1762365300362,758.475532598732,34.5171909966045,39.196,1235839965.82031
2014,18349339.0,DEC + ALB,61.0,8784209.0,73.4193443668125,47.87207321201053,MDG,505.684922503435,23.07670021,10.5872296200375,515.301589361832,10.0796108080669,34.534,588119995.117188
2014,194850.0,DEC + ALB,7.0,144527.0,71.86322185427171,71.86322185427171,STP,1489.67633417608,118.93055725,38.4812028048961,1382.5757842916,37.1493809462961,69.213,41380001.0681152
2014,7270000.0,IVM + ALB,12.0,1285239.0,71.29528560964178,23.1,TCD,982.527563074226,43.6758728,11.2377496545349,946.129583097771,11.0657151939012,22.372,391929992.675781
2014,14989401.0,IVM + ALB,26.0,10797082.0,79.82341397984595,20.98448792170369,MWI,529.5133440206,35.64556885,31.8630595655518,496.947368267313,29.6470619862229,16.132,931159973.144531
2014,119839648.0,IVM + ALB,354.0,42725649.0,75.70244601385767,35.652348544949,NGA,3088.72131316169,106.11964417,38.2655122285715,2872.79083379398,37.3360752432271,46.982,2478600097.65625
2014,514110.0,DEC + ALB,0.0,0.0,0.0,0.0,COM,1615.71723662012,84.27106476,34.8674297281274,1603.32797107303,34.802124546897,28.338,74949996.9482422
2014,1668680.0,IVM + ALB,33.0,294761.0,73.83108279042273,17.66432149962845,GNB,652.022501029449,64.91837311,18.4161430412753,654.304534409417,17.1557987744749,41.715,110250000.0
2014,13976113.0,IVM + ALB,48.0,7633180.0,68.2451521201587,54.61590071574264,UGA,896.054795546394,51.04053879,19.3758464383761,818.285427416713,19.1662858984987,21.504,1633680053.71094
2014,27752292.0,DEC + ALB,107.0,21663918.0,103.70430260555176,78.06172549640225,TZA,1022.74841308594,39.47782898,23.2631070043176,963.05712890625,22.0803159001061,30.904,2650520019.53125
2014,2600000.0,IVM + ALB,5.0,104152.0,82.4228611223222,4.005846153846154,COG,3601.2365808718,71.47676086,18.3393599953142,3697.41705884249,17.7552084286539,65.085,106180000.305176
2014,15998796.0,IVM + ALB,132.0,10579526.0,92.5471211044708,66.12701355777023,CMR,1649.4433905949,61.80369186,41.16335571391,1575.92882118897,40.9206144735396,53.976,856119995.117188
2014,37012273.0,IVM + ALB,71.0,7673271.0,95.96331736960994,20.7316935115009,COD,458.004541775676,18.79024887,18.044594711176,431.191528160935,18.3953627320994,42.18,2400020019.53125
2014,12602196.0,IVM + ALB,93.0,8126475.0,80.6058135950234,64.48459458970484,GHA,1953.64513603117,78.03632355,19.2871057808726,2294.025645187,18.1892648687887,53.419,1123130004.88281
2014,3300000.0,IVM + ALB,4.0,242741.0,79.2468414351474,7.355787878787878,CAF,409.8504859647,18.02748299,16.3420826919898,364.36696260838,16.7250416362785,39.959,611000000.0
2014,87250.0,DEC + ALB,2.0,62548.0,48.59976795504698,30.678978659850078,ERI,688.68165957684,31.54170799,11.7366811006634,688.68165957684,11.6362700513655,37.59,84190002.4414063
2014,1191720.0,IVM + ALB,7.0,329660.0,67.17142857142858,27.66253818010942,TGO,855.585284856656,43.02396011,15.5497416677127,826.543259457126,15.0199254601717,39.579,210940002.441406
2014,8780000.0,DEC + ALB,0.0,0.0,0.0,0.0,ZMB,1707.48573136694,66.04714203,31.6512218258064,1820.71854827391,30.8570284614837,41.382,997729980.46875
2014,6820160.0,IVM + ALB,0.0,0.0,0.0,0.0,SLE,1140.92742266148,138.29064941,15.8525627970328,1146.4163912665,15.067603703245,40.432,914030029.296875
2014,1659558.0,IVM + ALB,0.0,0.0,0.0,61.4,SSD,1242.73450181032,27.0063858,9.81375490168788,1650.18943353528,8.78381166341978,18.626,1964119995.11719
2014,10994709.0,IVM + ALB,33.0,1475387.0,86.93838539723956,13.419063660529806,ETH,549.986577082588,21.90294838,7.1320081780504,484.039833104062,6.82389059062955,18.998,3583959960.9375
2014,17385022.0,IVM + ALB,33.0,5793572.0,77.79299706569563,33.325077184256656,CIV,1991.36539423404,79.31149292,30.6863860760485,1786.15862031324,29.894622861839,49.014,925039978.027344
2014,420000.0,IVM + ALB,15.0,0.0,0.0,0.0,GNQ,15548.6624656619,294.76089478,66.1151118654474,16304.0713196418,66.0469430159927,70.083,519999.980926514
2015,1659558.0,IVM + ALB,0.0,0.0,0.0,61.4,SSD,1080.14718624765,27.0063858,10.8939961029361,1242.73450181032,9.81375490168788,18.852,1674829956.05469
2015,3300000.0,IVM + ALB,0.0,0.0,0.0,0.0,CAF,366.322853938121,17.71483231,15.9631874719448,409.8504859647,16.3420826919898,40.277,486920013.427734
2015,420000.0,IVM + ALB,15.0,0.0,0.0,0.0,GNQ,9068.91003238645,229.11935425,66.1825226445462,15548.6624656619,66.1151118654474,70.616,7489999.77111816
2015,3918406.0,DEC + ALB,7.0,977783.0,54.32106652918572,24.95359082239053,KEN,1489.11959777284,71.3065033,33.6913972045979,1482.81566253497,33.2968469581464,25.658,2463560058.59375
2015,6976957.0,IVM + ALB,14.0,5398483.0,77.3758961105823,77.3758961105823,SLE,945.148168480629,114.16482544,16.6582854370073,1140.92742266148,15.8525627970328,40.829,946969970.703125
2015,8258869.0,IVM + ALB,50.0,4627752.0,56.03372568326244,56.03372568326244,SEN,1218.00613555438,54.20389557,52.8193806775429,1398.89137601382,51.7558632183278,45.862,869400024.414063
2015,69634.0,DEC + ALB,2.0,62548.0,48.59976795504698,30.678978659850078,ERI,688.68165957684,26.82466125,11.8379122916262,688.68165957684,11.7366811006634,38.206,93919998.1689453
2015,15923224.0,IVM + ALB,53.0,9713502.0,84.20259590303982,61.00210610615037,MLI,704.821646439506,29.7465477,37.8578119850329,797.154510755732,36.1762365300362,39.991,1201640014.64844
2015,14989401.0,IVM + ALB,26.0,10797082.0,79.82341397984595,20.98448792170369,MWI,539.605363240686,35.27587891,34.0704034895695,529.5133440206,31.8630595655518,16.313,1049800048.82813
2015,2787902.0,IVM + ALB,10.0,1696195.0,99.70040416342404,60.84127060420344,LBR,692.590082351257,70.18363953,18.535132543282,706.714490064507,18.0004756381115,49.82,1094459960.9375
2015,514110.0,DEC + ALB,0.0,0.0,0.0,0.0,COM,1329.37048235986,60.86703491,35.8152661023519,1615.71723662012,34.8674297281274,28.47,65830001.8310547
2015,3898884.0,IVM + ALB,25.0,1631338.0,57.68326110570504,41.84115249389313,BEN,1002.41886882564,28.41767883,16.17540036159,1204.39918700511,15.5894570732653,45.695,436630004.882813
2015,188134.0,DEC + ALB,7.0,144527.0,71.86322185427171,71.86322185427171,STP,1298.10946596396,84.50744629,39.8117886622739,1489.67633417608,38.4812028048961,70.174,49000000.0
2015,18813918.0,DEC + ALB,61.0,8800912.0,70.87604178998222,46.778730512166575,MDG,445.320069480568,22.81040573,11.0976984938148,505.684922503435,10.5872296200375,35.193,677510009.765625
2015,11636753.0,DEC + ALB,83.0,10737905.0,92.27568830340736,92.27578345952688,ZMB,1295.87788680068,57.92047501,32.4357104534936,1707.48573136694,31.6512218258064,41.907,797679992.675781
2015,10719606.0,IVM + ALB,36.0,7753388.0,89.4899627480458,72.32903895908115,UGA,862.934610355811,40.15630341,19.5845877472555,896.054795546394,19.3758464383761,22.06,1638160034.17969
2015,3181835.0,IVM + ALB,12.0,1285239.0,71.29528560964178,23.1,TCD,747.588448455507,35.03440857,11.4218789248527,982.527563074226,11.2377496545349,22.515,606469970.703125
2015,26962041.0,IVM + ALB,96.0,19715866.0,73.12453089141138,73.12453089141138,TZA,939.127319335938,32.90985107,24.4416443149061,1022.74841308594,23.2631070043176,31.617,2584709960.9375
2015,37012273.0,IVM + ALB,84.0,11288740.0,77.94073205770135,30.49999117860176,COD,467.9145805459,19.13417244,17.7022826880082,458.004541775676,18.044594711176,42.74,2599149902.34375
2015,984485.0,IVM + ALB,6.0,103778.0,81.92655046103322,10.541349030203609,COG,2439.35189403696,57.67850113,18.9369277755163,3601.2365808718,18.3393599953142,65.543,88800003.0517578
2015,11113047.0,IVM + ALB,57.0,3287346.0,88.06899252925635,29.580960109320152,ETH,621.845673808133,23.53430557,7.43845438341403,549.986577082588,7.1320081780504,19.428,3238889892.57813
2015,120103208.0,IVM + ALB,428.0,59765252.0,80.3497639449106,49.76157839181115,NGA,2585.73360671797,96.28328705,39.2193825451344,3088.72131316169,38.2655122285715,47.838,2431540039.0625
2015,1565479.0,IVM + ALB,15.0,116137.0,77.61923220873656,7.418623948325082,GNB,645.066837207039,52.38645935,19.6938380286064,652.022501029449,18.4161430412753,42.123,95089996.3378906
2015,2426930.0,IVM + ALB,29.0,1754833.0,72.30670023445258,72.30670023445258,GHA,1721.69964380717,77.74266815,20.40010793503,1953.64513603117,19.2871057808726,54.086,1770479980.46875
2015,18218250.0,IVM + ALB,0.0,0.0,0.0,0.0,MOZ,610.563774706589,39.91206741,27.8360509112133,697.142680444123,26.498493533672,34.4,1819119995.11719
2015,12090000.0,IVM + ALB,0.0,0.0,0.0,0.0,AGO,3213.90261080059,107.64356232,47.3744826098829,5005.9997412707,46.1170299677134,63.446,380059997.558594
2015,10886864.0,IVM + ALB,23.0,7055384.0,90.99343038685,64.80639420130535,NER,485.662574175279,25.72568893,12.8471159354794,565.30989731175,12.369659574494,16.247,869520019.53125
2015,7161619.0,IVM + ALB,9.0,1475362.0,81.43028242475756,20.60095629214567,GIN,747.356966759448,43.94221497,23.0429536885135,765.146999389279,21.9585172286295,35.141,539400024.414063
2015,7466576.0,DEC + ALB,0.0,0.0,0.0,0.0,ZWE,1386.42284717709,105.09803009,38.1206481520606,1372.21278071456,38.7170871077261,32.385,788289978.027344
2015,1191720.0,IVM + ALB,7.0,329660.0,67.17142857142858,27.66253818010942,TGO,751.052405084336,37.41205215,16.0892338025687,855.585284856656,15.5497416677127,40.1,199470001.220703
2015,17848457.0,IVM + ALB,33.0,5900569.0,82.78838341243538,33.05926669179302,CIV,1814.71855088017,62.51667023,31.4875187108368,1991.36539423404,30.6863860760485,49.444,651770019.53125
2015,6713705.0,IVM + ALB,30.0,5393933.0,80.34212107919546,80.34212107919546,BFA,630.124750752312,32.44025803,20.6627379954545,764.861675106225,20.0801867081172,27.53,998390014.648438
2015,16968062.0,IVM + ALB,137.0,11021942.0,88.96748181875932,64.9569880166633,CMR,1415.00009710569,50.31904221,41.4078037782764,1649.4433905949,41.16335571391,54.578,664159973.144531
2016,16756532.0,IVM + ALB,61.0,12245009.0,73.07603387144786,73.07603387144786,CIV,1862.59597081287,66.39353943,32.2972577718512,1814.71855088017,31.4875187108368,49.881,615780029.296875
2016,5396337.0,IVM + ALB,3.0,46196.0,39.263615965186645,0.8560621769915406,AGO,1807.95294072643,94.1061554,48.6279413330122,3213.90261080059,47.3744826098829,64.149,206509994.506836
2016,16417829.0,DEC + ALB,57.0,14040632.0,85.52063735101638,85.52063735101638,TZA,953.0107421875,36.26340103,25.6150210066189,939.127319335938,24.4416443149061,32.333,2317889892.57813
2016,2990390.0,IVM + ALB,25.0,1686564.0,56.39946629035008,56.39946629035008,BEN,1010.53389609187,29.34768677,16.7724928532971,1002.41886882564,16.17540036159,46.229,500760009.765625
2016,10886864.0,IVM + ALB,0.0,0.0,0.0,0.0,NER,502.706475406446,22.42886543,13.3269745796459,485.662574175279,12.8471159354794,16.29,952479980.46875
2016,18863123.0,DEC + ALB,61.0,8299638.0,66.75511971766018,43.99927838036151,MDG,453.970714522463,24.77560616,11.6111708642625,445.320069480568,11.0976984938148,35.856,621580017.089844
2016,188134.0,DEC + ALB,7.0,144527.0,71.86322185427171,71.86322185427171,STP,1434.87018050521,109.2252121,41.1410220675291,1298.10946596396,39.8117886622739,71.092,47040000.9155273
2016,38738084.0,IVM + ALB,115.0,16066055.0,79.11672725564387,41.47354061186918,COD,442.310472110228,19.91032028,17.3684019576228,467.9145805459,17.7022826880082,43.307,2102260009.76563
2016,14989401.0,IVM + ALB,26.0,10797082.0,79.82341397984595,20.98448792170369,MWI,450.506105510719,34.32816696,36.2684898041781,539.605363240686,34.0704034895695,16.506,1241609985.35156
2016,69634.0,DEC + ALB,1.0,21363.0,48.59976795504698,30.678978659850078,ERI,688.68165957684,23.64590836,11.9399656246299,688.68165957684,11.8379122916262,38.827,66819999.6948242
2016,123312522.0,IVM + ALB,443.0,66581876.0,67.29656892683138,53.99441591179199,NGA,2070.4127339595,78.23602295,40.1973273390898,2585.73360671797,39.2193825451344,48.683,2498189941.40625
2016,20180229.0,IVM + ALB,113.0,14915255.0,73.9102365984053,73.9102365984053,MOZ,441.489734819071,31.38208961,29.1901697914073,610.563774706589,27.8360509112133,34.926,1533770019.53125
2016,3300000.0,IVM + ALB,4.0,517336.0,48.96154424924074,15.676848484848485,CAF,387.176203444318,20.25914001,15.5882420568199,366.322853938121,15.9631874719448,40.618,506760009.765625
2016,7677570.0,DEC + ALB,39.0,6037700.0,78.6407678471183,78.6407678471183,ZWE,1407.41536437554,106.18969727,37.5291905738897,1386.42284717709,38.1206481520606,32.296,654250000.0
2016,420000.0,IVM + ALB,15.0,0.0,0.0,0.0,GNQ,7453.19797948517,229.76306152,66.2485417470801,9068.91003238645,66.1825226445462,71.138,6920000.07629395
2016,1191720.0,IVM + ALB,7.0,329660.0,67.17142857142858,27.66253818010942,TGO,772.581787093976,51.94157028,16.6392024008154,751.052405084336,16.0892338025687,40.628,168250000.0
2016,18343000.0,IVM + ALB,59.0,12693257.0,75.74995442144778,69.19946028457721,MLI,730.85493818079,28.3053112,39.5613789309833,704.821646439506,37.8578119850329,40.783,1205119995.11719
2016,6909507.0,IVM + ALB,21.0,4991601.0,72.24250586908734,72.24250586908734,UGA,752.696571725656,39.13254166,19.7922384779092,862.934610355811,19.5845877472555,22.624,1762599975.58594
2016,5752504.0,IVM + ALB,47.0,2597923.0,76.05497198500285,45.161602669029,ETH,696.195884706786,24.67317772,7.74355073772014,621.845673808133,7.43845438341403,19.866,4084370117.1875
2016,7138404.0,IVM + ALB,14.0,5592547.0,78.34450109576314,78.34450109576314,SLE,838.631615328371,81.37689209,17.4849471744574,945.148168480629,16.6582854370073,41.228,693210021.972656
2016,8582194.0,IVM + ALB,31.0,5485410.0,63.91617341672771,63.91617341672771,BFA,663.742364842886,39.64500427,21.2290233625521,630.124750752312,20.6627379954545,28.134,1029479980.46875
2016,514110.0,DEC + ALB,0.0,0.0,0.0,0.0,COM,1365.48403444497,63.14864731,35.8348906522207,1329.37048235986,35.8152661023519,28.619,53740001.6784668
2016,1706362.0,IVM + ALB,84.0,837517.0,72.46392235140006,48.9,GNB,679.665386626818,56.52604294,20.9889037650551,645.066837207039,19.6938380286064,42.533,196820007.324219
2016,3181835.0,IVM + ALB,13.0,1636687.0,73.80506055923098,51.43846239669876,TCD,668.078636142918,33.10380936,11.6187911506186,747.588448455507,11.4218789248527,22.677,624460021.972656
2016,962668.0,IVM + ALB,6.0,111748.0,20.24864145945035,11.608155667374422,COG,2093.10728558843,54.67388153,19.5480531851066,2439.35189403696,18.9369277755163,66.001,86959999.0844727
2016,7161619.0,IVM + ALB,24.0,5635966.0,78.69681422594527,78.69681422594527,GIN,711.996509782316,38.91920853,24.1498388471999,747.356966759448,23.0429536885135,35.46,566979980.46875
2016,11298337.0,DEC + ALB,85.0,10404448.0,92.08831352791124,92.08831352791124,ZMB,1239.08527877713,55.87984467,33.2093941738338,1295.87788680068,32.4357104534936,42.438,966460021.972656
2016,1790480.0,IVM + ALB,22.0,1319165.0,73.67661185827265,73.67661185827265,GHA,1913.18673253576,64.43041229,21.5279300969224,1721.69964380717,20.40010793503,54.749,1318650024.41406
2016,1659558.0,IVM + ALB,0.0,0.0,0.0,61.4,SSD,1080.14718624765,27.0063858,12.0258100542095,1080.14718624765,10.8939961029361,19.092,1587030029.29688
2016,3678724.0,DEC + ALB,23.0,2209274.0,60.05544313734871,60.05544313734871,KEN,1554.12610314423,74.26567078,34.0884942632235,1489.11959777284,33.6913972045979,26.105,2188389892.57813
2016,8533698.0,IVM + ALB,50.0,6089986.0,71.36397374268459,71.36397374268459,SEN,1266.43957151587,54.93520355,53.8806790444526,1218.00613555438,52.8193806775429,46.296,731159973.144531
2016,16968062.0,IVM + ALB,135.0,11999954.0,80.74304611306869,70.72082834209351,CMR,1441.7201725688,51.2496109,41.6540121133768,1415.00009710569,41.4078037782764,55.179,756590026.855469
2016,2713821.0,IVM + ALB,13.0,2005547.0,73.90122635206964,73.90122635206964,LBR,714.613063145659,68.4992981,19.0787826788986,692.590082351257,18.535132543282,50.254,819179992.675781
2017,9948893.0,IVM + ALB,26.0,8375953.0,84.18979880475145,84.18979880475145,TZA,986.674011230469,38.65550995,26.7829708869529,953.0107421875,25.6150210066189,33.053,2585600097.65625
2017,4528441.0,IVM + ALB,25.0,3074858.0,95.71599022686826,67.90102819049646,TCD,640.117048532702,31.06099701,11.8291927798898,668.078636142918,11.6187911506186,22.858,648979980.46875
2017,2342766.0,IVM + ALB,16.0,1731545.0,73.91028382689522,73.91028382689522,MLI,775.536492065709,29.23488998,41.2864018368594,730.85493818079,39.5613789309833,41.572,1360060058.59375
2017,5530123.0,IVM + ALB,24.0,4229398.0,94.9227077784633,76.47927541575477,BFA,709.091535894695,43.07155609,21.7779198987319,663.742364842886,21.2290233625521,28.743,892150024.414063
2017,20479536.0,IVM + ALB,74.0,14817898.0,72.35465686331956,72.35465686331956,CIV,1964.29930338343,68.61872864,33.115740904564,1862.59597081287,32.2972577718512,50.326,829150024.414063
2017,1131640.0,IVM + ALB,81.0,831768.0,73.99814419250578,73.50111342829875,GNB,783.123186602022,54.74217224,22.3015666963327,679.665386626818,20.9889037650551,42.945,113349998.474121
2017,3300000.0,IVM + ALB,0.0,0.0,0.0,0.0,CAF,432.324025684263,27.64416504,15.2164875035595,387.176203444318,15.5882420568199,40.98,511980010.986328
2017,3867250.0,DEC + ALB,23.0,3017897.0,78.03728747818217,78.03728747818217,KEN,1667.48447230835,66.80448151,34.4882040042741,1554.12610314423,34.0884942632235,26.562,2480219970.70313
2017,19762613.0,IVM + ALB,113.0,15799350.0,79.58703510129101,79.94565293567202,MOZ,470.93856305196,36.26471329,30.560328246432,441.489734819071,29.1901697914073,35.455,1806089965.82031
2017,128342058.0,IVM + ALB,484.0,79831356.0,90.85048608338268,62.202022660412695,NGA,1876.34027111773,72.77430725,41.1997191095263,2070.4127339595,40.1973273390898,49.519,3356350097.65625
2017,770373.0,IVM + ALB,6.0,106081.0,77.78739193242063,13.770082804044277,COG,2211.63309874797,52.68054199,20.1728786215665,2093.10728558843,19.5480531851066,66.459,106940002.441406
2017,42633917.0,IVM + ALB,218.0,30372985.0,94.07274221048472,71.24136635158341,COD,436.584534687385,18.74936485,17.0428366780056,442.310472110228,17.3684019576228,43.88,2292399902.34375
2017,12223891.0,DEC + ALB,85.0,11398966.0,93.25153504722842,93.25153504722842,ZMB,1483.46577328065,71.52032471,33.9717571756978,1239.08527877713,33.2093941738338,42.976,1040489990.23438
2017,1401128.0,IVM + ALB,15.0,691799.0,67.00751632087716,49.37443260001941,GHA,2012.97025750655,74.56986237,22.670108563914,1913.18673253576,21.5279300969224,55.407,1263540039.0625
2017,9799294.0,IVM + ALB,21.0,7018837.0,71.62594570588453,71.62594570588453,NER,521.804130023434,28.69141388,13.8105659838816,502.706475406446,13.3269745796459,16.35,1224699951.17188
2017,7319176.0,IVM + ALB,24.0,5588471.0,76.35382726142943,76.35382726142943,GIN,833.598621691121,33.02272034,25.2793160046836,711.996509782316,24.1498388471999,35.793,472239990.234375
2017,7677570.0,DEC + ALB,39.0,3709275.0,48.31313814136504,48.31313814136504,ZWE,3448.08253696926,92.25428772,36.9416742711943,1407.41536437554,37.5291905738897,32.237,725830017.089844
2017,420000.0,IVM + ALB,15.0,0.0,0.0,0.0,GNQ,7809.10465655488,231.0456543,66.3127923585184,7453.19797948517,66.2485417470801,71.646,6929999.82833862
2017,5633511.0,IVM + ALB,70.0,4236666.0,89.77626846258786,75.20471691632447,ETH,745.632449222154,24.51061249,8.0471575170489,696.195884706786,7.74355073772014,20.31,4124750000.0
2017,3965762.0,IVM + ALB,3.0,89235.0,76.4495733525239,2.2501350307960992,AGO,2437.25971190821,112.85147095,49.8769829625562,1807.95294072643,48.6279413330122,64.839,223139999.389648
2017,5147599.0,IVM + ALB,3.0,364529.0,91.61621264328818,7.081534517354596,SSD,1080.14718624765,27.0063858,13.2107250437217,1080.14718624765,12.0258100542095,19.346,2183239990.23438
2017,2427896.0,IVM + ALB,25.0,1980880.0,81.58833821547546,81.58833821547546,BEN,1054.97408141687,29.22344017,17.3806539321045,1010.53389609187,16.7724928532971,46.768,680000000.0
2017,2383502.0,IVM + ALB,13.0,2002850.0,84.02971761718682,84.02971761718682,LBR,699.269095727404,72.50897217,19.6309444395375,714.613063145659,19.0787826788986,50.697,631590026.855469
2017,2990412.0,IVM + ALB,9.0,1979667.0,66.20047672360865,66.20047672360865,UGA,765.218332297361,31.47759247,19.9987800028527,752.696571725656,19.7922384779092,23.196,2011810058.59375
2017,19637679.0,DEC + ALB,0.0,0.0,0.0,0.0,MDG,491.866848718929,24.17928314,12.1276031211704,453.970714522463,11.6111708642625,36.522,779039978.027344
2017,828148.0,DEC + ALB,17.0,382312.0,46.1646951994088,46.1646951994088,COM,1423.9248027797,74.52148438,35.8566241481776,1365.48403444497,35.8348906522207,28.784,67220001.2207031
2017,4288461.0,IVM + ALB,6.0,3464408.0,80.7844119370562,80.7844119370562,SLE,788.486867334833,45.5368042,18.3338581421542,838.631615328371,17.4849471744574,41.636,541119995.117188
2017,72999.0,DEC + ALB,2.0,55525.0,76.0626857902163,76.0626857902163,ERI,688.68165957684,22.35861588,11.9399656246299,688.68165957684,11.9399656246299,39.451,79190002.4414063
2017,10792844.0,IVM + ALB,93.0,6440400.0,88.07596599931841,59.67287213638963,CMR,1496.08951771242,50.27867889,41.9013320538743,1441.7201725688,41.6540121133768,55.777,1216800048.82813
2017,8805111.0,IVM + ALB,50.0,6321027.0,71.78815803684928,71.78815803684928,SEN,1356.80518449031,57.67406845,54.9398686162857,1266.43957151587,53.8806790444526,46.74,908150024.414063
2017,188134.0,DEC + ALB,7.0,144527.0,71.86322185427171,71.86322185427171,STP,1555.79477812888,116.49388123,42.4688370821768,1434.87018050521,41.1410220675291,71.968,40240001.6784668
2017,14989401.0,IVM + ALB,26.0,10797082.0,79.82341397984595,20.98448792170369,MWI,495.769683367165,37.93450165,38.4570669671792,450.506105510719,36.2684898041781,16.714,1520219970.70313
2018,962668.0,IVM + ALB,6.0,291799.0,95.51834757275198,30.311488488243093,COG,2694.43413191427,47.67589569,20.2685712894315,2211.63309874797,20.1728786215665,66.916,146550003.051758
2018,7480197.0,IVM + ALB,24.0,5907574.0,78.97618204440337,78.97618204440337,GIN,933.273615633705,35.30637741,26.4315350914217,833.598621691121,25.2793160046836,36.14,653989990.234375
2018,19637679.0,DEC + ALB,61.0,0.0,0.0,0.0,MDG,500.45718552916,21.67276382,12.6470453599113,491.866848718929,12.1276031211704,37.191,755010009.765625
2018,1398027.0,IVM + ALB,15.0,1197487.0,99.58676242623432,85.65549878507353,BEN,1151.74096952152,34.44770432,17.9998030901084,1054.97408141687,17.3806539321045,47.312,574679992.675781
2018,1621568.0,IVM + ALB,18.0,931628.0,57.45229308915815,57.45229308915815,CMR,1610.69641591017,57.7002182,42.1505011655075,1496.08951771242,41.9013320538743,56.374,1165349975.58594
2018,48034532.0,IVM + ALB,182.0,28383005.0,95.48828625334332,76.64389235644057,COD,528.256019777898,17.87852287,16.7256344876716,436.584534687385,17.0428366780056,44.46,2513899902.34375
2018,3955338.0,IVM + ALB,1.0,29712.0,53.72292337178606,0.75118738272178,AGO,2538.59139143371,83.89920044,51.120743995819,2437.25971190821,49.8769829625562,65.514,162639999.389648
2018,828148.0,DEC + ALB,0.0,0.0,0.0,0.0,COM,1540.71132257526,74.43584442,35.8804627544981,1423.9248027797,35.8566241481776,28.965,90930000.3051758
2018,7677570.0,DEC + ALB,0.0,0.0,0.0,0.0,ZWE,2271.8533351306,114.63294983,36.3571601293685,3448.08253696926,36.9416742711943,32.209,794559997.558594
2018,9986963.0,IVM + ALB,24.0,9108052.0,91.19941667952509,91.19941667952509,TZA,1023.10626220703,40.83135605,27.9447655542304,986.674011230469,26.7829708869529,33.776,2455199951.17188
2018,48034532.0,2 * ALB,52.0,8432529.96882094,94.38077266453767,76.64389235644057,COD,528.256019777898,17.87852287,16.7256344876716,528.256019777898,16.7256344876716,44.46,2513899902.34375
2018,201784.0,DEC + ALB,7.0,162512.0,80.53760456726003,80.53760456726003,STP,1825.59971753966,108.28024292,43.7951971255154,1555.79477812888,42.4688370821768,72.803,52180000.3051758
2018,8985524.0,IVM + ALB,17.0,6602315.0,73.47723961340485,73.47723961340485,NER,578.568035680892,30.08619118,14.2977760229761,521.804130023434,13.8105659838816,16.425,1308500000.0
2018,6070736.023130594,IVM + ALB,59.0,4154844.0,94.08837168605947,68.44053149682837,ETH,747.968143637014,23.84538269,8.34992303821713,745.632449222154,8.0471575170489,20.763,4940959960.9375
2018,420000.0,IVM + ALB,15.0,0.0,0.0,0.0,GNQ,8102.47084834031,248.69200134,66.3127923585184,7809.10465655488,66.3127923585184,72.143,6719999.79019165
2018,20261154.0,IVM + ALB,114.0,16502496.0,81.4489441223338,81.4489441223338,MOZ,517.507260258101,40.8117218,31.9467194446126,470.93856305196,30.560328246432,35.988,1823560058.59375
2018,9061189.0,IVM + ALB,47.0,5588601.0,75.64856115341632,61.67624359231443,SEN,1452.55612562445,65.77828217,55.9960419566084,1356.80518449031,54.9398686162857,47.192,999020019.53125
2018,1307552.0,IVM + ALB,15.0,938015.0,83.22302171039206,71.7382559163995,GHA,2196.61290615342,82.98774719,23.8263073809595,2012.97025750655,22.670108563914,56.06,1067619995.11719
2018,14989401.0,IVM + ALB,26.0,10797082.0,79.82341397984595,20.98448792170369,MWI,533.203173686705,36.97562408,40.6356736680772,495.769683367165,38.4570669671792,16.937,1279300048.82813
2018,2713101.0,IVM + ALB,4.0,1640073.0,87.83981515897763,60.45012699490362,SLE,845.914540460932,43.07834244,19.20548437001,788.486867334833,18.3338581421542,42.055,508149993.896484
2018,970242.0,IVM + ALB,12.0,665975.0,68.64009185337267,68.64009185337267,MLI,835.086710561793,31.96352005,43.0319385671456,775.536492065709,41.2864018368594,42.356,1556930053.71094
2018,2288222.0,IVM + ALB,10.0,1749542.0,76.4585778827404,76.4585778827404,BFA,777.465618514048,39.00283813,22.3095685822615,709.091535894695,21.7779198987319,29.358,1187560058.59375
2018,71584.0,DEC + ALB,2.0,62777.0,87.6969713902548,87.6969713902548,ERI,688.68165957684,24.02440262,11.9399656246299,688.68165957684,11.9399656246299,40.08,84239997.8637695
2018,21002613.0,IVM + ALB,74.0,15581091.0,74.18644051575868,74.18644051575868,CIV,2130.86619381144,70.97071075,33.9428009638578,1964.29930338343,33.115740904564,50.779,960070007.324219
2018,12032435.0,DEC + ALB,69.0,11164092.0,101.59686126163808,92.78331443303038,ZMB,1463.89997855593,70.36667633,34.7220691917255,1483.46577328065,33.9717571756978,43.521,1000320007.32422
2018,4527450.0,IVM + ALB,30.0,3377900.0,82.18500835864283,74.60932754641134,TCD,695.642393675941,32.30886459,12.054119739418,640.117048532702,11.8291927798898,23.059,875299987.792969
2018,1076864.0,IVM + ALB,79.0,701302.0,65.12447254249376,65.12447254249376,GNB,808.531613218504,58.78644943,23.6322998602978,783.123186602022,22.3015666963327,43.36,153600006.103516
2018,2888338.0,IVM + ALB,13.0,1960888.0,67.8898383776414,67.8898383776414,LBR,692.203127129794,69.10813904,20.1920909965308,699.269095727404,19.6309444395375,51.151,593950012.207031
2018,3300000.0,IVM + ALB,1.0,101806.0,84.31697338125922,30.661151515151516,CAF,455.243962859534,49.17564392,14.847835432135,432.324025684263,15.2164875035595,41.364,641049987.792969
2018,3300000.0,1 * ALB,4.0,910012.0,88.69884410360278,30.661151515151516,CAF,455.243962859534,49.17564392,14.847835432135,455.243962859534,14.847835432135,41.364,641049987.792969
2018,3983268.0,DEC + ALB,23.0,3465107.0,86.99156069840141,86.99156069840141,KEN,1836.45275528993,75.6592865,34.8906417362588,1667.48447230835,34.4882040042741,27.03,2491010009.76563
2018,5904795.0,IVM + ALB,5.0,1035785.0,99.65076509382682,17.54142184445015,SSD,1080.14718624765,30.23945427,14.4506357443147,1080.14718624765,13.2107250437217,19.615,1577500000.0
2018,131361930.0,IVM + ALB,510.0,84911508.0,90.25053181341708,64.63935784134719,NGA,2057.87944554011,65.70272064,42.2262606432937,1876.34027111773,41.1997191095263,50.344,3303270019.53125
2018,1975991.0,IVM + ALB,6.0,1570427.0,79.47541259044196,79.47541259044196,UGA,792.16570022814,32.99159622,20.2039464819127,765.218332297361,19.9987800028527,23.774,1945589965.82031
2019,8815619.0,IVM + ALB,44.0,6007315.0,88.71439832876568,68.14399533373663,SEN,1431.18128932159,65.75260925,57.0490341820529,1452.55612562445,55.9960419566084,47.653,1438099975.58594
2019,7677570.0,DEC + ALB,0.0,0.0,0.0,0.0,ZWE,1684.02790388182,54.80850601,35.7743358079873,2271.8533351306,36.3571601293685,32.21,844090026.855469
2019,134545208.0,IVM + ALB,506.0,82992655.0,87.04349016805013,61.68384309904222,NGA,2265.15520863056,69.68148041,43.27675278374,2057.87944554011,42.2262606432937,51.157,3275409912.10938
2019,12032435.0,DEC + ALB,0.0,0.0,0.0,0.0,ZMB,1258.98619844462,85.64040375,35.4594671468657,1463.89997855593,34.7220691917255,44.072,947840026.855469
2019,2942778.0,IVM + ALB,5.0,2240077.0,91.7122414438286,76.12116850132765,SLE,843.71251730417,46.25284195,20.0997387688789,845.914540460932,19.20548437001,42.484,566239990.234375
2019,2040460.0,IVM + ALB,6.0,1593787.0,78.10920086647128,78.10920086647128,UGA,822.057058189153,33.40487289,20.4080904532095,792.16570022814,20.2039464819127,24.361,2029569946.28906
2019,8472338.0,IVM + ALB,14.0,1418015.0,87.97626522257907,16.736997508834044,SSD,1080.14718624765,34.9889183,15.747277681583,1080.14718624765,14.4506357443147,19.899,1676640014.64844
2019,7954815.0,IVM + ALB,9.0,1161582.0,102.6665794600022,14.602250335174356,TZA,1063.32250976563,39.5618248,29.099388976813,1023.10626220703,27.9447655542304,34.5,2125929931.64063
2019,201114.0,IVM + DEC + ALB,7.0,144527.0,71.86322185427171,71.86322185427171,STP,1935.2931816596,106.26776123,45.1201003296246,1825.59971753966,43.7951971255154,73.598,50830001.8310547
2019,1844198.0,IVM + ALB,33.0,339446.0,74.5,18.41,GNB,807.359903965493,54.0177002,24.9811064482039,808.531613218504,23.6322998602978,43.777,112790000.915527
2019,72999.0,DEC + ALB,2.0,62548.0,85.68336552555515,85.68336552555515,ERI,688.68165957684,25.98394394,11.9399656246299,688.68165957684,11.9399656246299,40.712,265950012.207031
2019,46051090.0,2 * ALB,63.0,9452023.0,97.57342945304404,80.17999999999999,COD,557.044161335917,19.85771751,16.4166624601584,528.256019777898,16.7256344876716,45.046,2809199951.17188
2019,2114837.0,IVM + ALB,9.0,1696518.0,80.21979944553647,80.21979944553647,BFA,764.853077774946,41.07073212,22.8240692453658,777.465618514048,22.3095685822615,29.98,1107790039.0625
2019,21125734.0,DEC + ALB,18.0,3129919.0,84.64383225267676,14.815669836607809,MDG,499.818837622534,15.88729572,13.1693371507898,500.45718552916,12.6470453599113,37.861,732309997.558594
2019,1031260.0,2 * ALB,7.0,411744.0,85.36225844772146,51.60501910284506,COG,2488.42466724916,58.90272522,20.3642631107744,2694.43413191427,20.2685712894315,67.373,176669998.168945
2019,1031260.0,IVM + ALB,6.0,120438.0,21.94126188034125,51.60501910284506,COG,2488.42466724916,58.90272522,20.3642631107744,2488.42466724916,20.3642631107744,67.373,176669998.168945
2019,420000.0,IVM + ALB,15.0,0.0,0.0,0.0,GNQ,6804.14923073888,231.83953857,66.3127923585184,8102.47084834031,66.3127923585184,72.627,62750000.0
2019,4102765.525000001,IVM + DEC + ALB,3.0,288961.0,100.80972648618476,92.98593782056312,KEN,1960.40808854893,86.06783295,35.2957947881613,1836.45275528993,34.8906417362588,27.507,3171919921.875
2019,296128.0,IVM + ALB,4.0,251369.0,84.88525232331965,84.88525232331965,BEN,1130.82135304977,29.37922096,18.6298545928192,1151.74096952152,17.9998030901084,47.861,593159973.144531
2019,4102765.525000001,DEC + ALB,20.0,3526034.0,92.39825938661356,92.98593782056312,KEN,1960.40808854893,86.06783295,35.2957947881613,1960.40808854893,35.2957947881613,27.507,3171919921.875
2019,4442824.764846294,IVM + ALB,8.0,782984.0,89.95954335891543,53.8265151515152,CAF,449.228467602439,33.9444313,14.4819824288711,455.243962859534,14.847835432135,41.77,676419982.910156
2019,4442824.764846294,1 * ALB,9.0,993291.0,82.87687920207858,53.8265151515152,CAF,449.228467602439,33.9444313,14.4819824288711,449.228467602439,14.4819824288711,41.77,676419982.910156
2019,7480197.0,IVM + ALB,0.0,0.0,0.0,0.0,GIN,1031.34146480732,42.68258667,27.606397594017,933.273615633705,26.4315350914217,36.5,562080017.089844
2019,788813.0,DEC + ALB,17.0,502859.0,63.74882259800485,63.74882259800485,COM,1519.26386436068,77.80075073,35.9066757549833,1540.71132257526,35.8804627544981,29.164,73529998.7792969
2019,5919602.944410031,IVM + ALB,43.0,2880331.0,96.68121988011583,48.657503333394,ETH,828.70897229725,26.22917175,8.65203916056794,747.968143637014,8.34992303821713,21.225,4676649902.34375
2019,1349658.0,IVM + ALB,15.0,979438.0,72.56934719758635,72.56934719758635,GHA,2186.18924111824,93.18772125,24.9960729195517,2196.61290615342,23.8263073809595,56.707,910989990.234375
2019,58244.0,IVM + ALB,1.0,19060.0,32.72440079664858,32.72440079664858,CMR,1555.22660476477,56.18640518,42.4008580058119,1610.69641591017,42.1505011655075,56.968,1297489990.23438
2019,14989401.0,IVM + ALB,26.0,10797082.0,79.82341397984595,20.98448792170369,MWI,580.889816066776,41.78248596,42.8038378125311,533.203173686705,40.6356736680772,17.174,1167609985.35156
2019,2963868.0,IVM + ALB,13.0,2496344.0,84.22588320397534,84.22588320397534,LBR,658.164180770507,52.02645493,20.7619736101479,692.203127129794,20.1920909965308,51.615,581219970.703125
2019,1004177.0,IVM + ALB,0.0,0.0,0.0,0.0,MLI,820.197390833912,32.17400742,44.7976967244774,835.086710561793,43.0319385671456,43.136,1815849975.58594
2019,6676439.0,IVM + ALB,13.0,4327341.0,95.67683984866252,64.8151057771965,NER,561.691304349698,31.21994209,14.7900382805354,578.568035680892,14.2977760229761,16.517,1439520019.53125
2019,21713670.0,IVM + ALB,74.0,15999219.0,73.68270310822629,73.68270310822629,CIV,2141.76836170115,73.64801788,34.7779674572536,2130.86619381144,33.9428009638578,51.239,1173609985.35156
2019,2394346.773,IVM + ALB,2.0,263549.0,49.27079691680112,11.00713576545915,AGO,2189.85571407618,64.65779114,51.3936226824603,2538.59139143371,51.120743995819,66.177,20920000.0762939
2019,46051090.0,IVM + ALB,182.0,27494725.0,99.56692391004724,80.17999999999999,COD,557.044161335917,19.85771751,16.4166624601584,557.044161335917,16.4166624601584,45.046,2809199951.17188
2019,18059542.0215538,IVM + ALB,60.0,8781876.0,95.4071488580042,48.62734608396471,MOZ,519.09255091362,40.41284943,33.350311214661,517.507260258101,31.9467194446126,36.528,1841430053.71094
2019,5124862.0,IVM + ALB,32.0,3653785.0,71.29528560964178,71.29528560964178,TCD,678.142035723965,31.30481529,12.2940188961564,695.642393675941,12.054119739418,23.279,641919982.910156
2020,1892353.0,IVM + ALB,44.0,415475.0,85.0007160539291,21.96,GNB,817.780335749159,68.04572296,26.3482236537259,807.359903965493,24.9811064482039,44.196,147570007.324219
2020,72483.0,DEC + ALB,1.0,36645.0,87.6695614727625,50.55668225652912,ERI,688.68165957684,24.70353127,11.9399656246299,688.68165957684,11.9399656246299,41.347,61310001.373291
2020,19098527.26297629,IVM + ALB,94.0,14646173.0,76.8966191088624,76.6874467666149,MOZ,462.433876479921,34.37060928,34.7705804730804,519.09255091362,33.350311214661,37.074,2556260009.76563
2020,21966154.0,IVM + ALB,62.0,10564594.0,89.3478850673945,48.094873595077225,CIV,2179.72934832935,85.17427826,35.6210684573158,2141.76836170115,34.7779674572536,51.706,1562640014.64844
2020,8180532.0,IVM + ALB,23.0,5228298.0,83.27,63.91146688259395,GIN,1053.66097696415,41.6195488,28.8045337728005,1031.34146480732,27.606397594017,36.875,725789978.027344
2020,8029929.0,DEC + ALB,0.0,0.0,0.0,0.0,ZWE,1730.41348946953,50.67650986,35.1923618234591,1684.02790388182,35.7743358079873,32.242,985049987.792969
2020,400225.0,DEC + ALB,7.0,199102.0,49.74751702167531,49.74751702167531,COM,1527.16991011916,88.67053223,35.9066757549833,1519.26386436068,35.9066757549833,29.38,132179992.675781
2020,1004177.0,IVM + ALB,59.0,0.0,0.0,0.0,MLI,804.343956745857,28.85294724,46.5825895523924,820.197390833912,44.7976967244774,43.909,1566199951.17188
2020,315128.0,IVM + ALB,4.0,262386.0,83.26330887766241,83.26330887766241,BEN,1197.50136428063,30.64243507,19.2707223290055,1130.82135304977,18.6298545928192,48.415,1049569946.28906
2020,1349658.0,IVM + ALB,0.0,0.0,0.0,0.0,GHA,2196.54789313621,87.4445343,26.179198602453,2186.18924111824,24.9960729195517,57.349,2204360107.42188
2020,4134781.0,IVM + ALB,11.0,3230756.0,78.13608507923394,78.13608507923394,NER,579.512495758236,34.85019302,15.2880774887646,561.691304349698,14.7900382805354,16.626,1929790039.0625
2020,8238487.770482671,IVM + ALB,0.0,0.0,0.0,0.0,TZA,1117.41528320313,31.39298439,30.246799713062,1063.32250976563,29.099388976813,35.227,2277000000.0
2020,1655032.0059370326,IVM + ALB,4.0,1162194.0,70.22184440125062,70.22184440125062,SLE,845.313836261458,46.01692963,21.0167130216126,843.71251730417,20.0997387688789,42.923,841010009.765625
2020,6831470.119528587,IVM + ALB,32.0,2003380.0,91.3508330532906,29.325752216541133,ETH,905.313175805855,28.69671059,8.95353751323462,828.70897229725,8.65203916056794,21.695,5305140136.71875
2020,4442825.0,IVM + ALB,0.0,0.0,0.0,0.0,CAF,462.879071294011,40.11012268,14.1186346735747,449.228467602439,14.4819824288711,42.198,832700012.207031
2020,5352356.0,IVM + ALB,35.0,4164676.0,77.81014566295666,77.81014566295666,TCD,622.095543396442,35.72977829,12.5503207178957,678.142035723965,12.2940188961564,23.52,1037589965.82031
2020,21390404.0,IVM + DEC + ALB,17.0,1693114.0,76.16419228431758,13.025705358346668,MDG,450.771615201509,17.21605492,13.6947389718241,499.818837622534,13.1693371507898,38.534,1298689941.40625
2020,58244.0,IVM + ALB,0.0,0.0,0.0,0.0,CMR,1555.60370660749,58.0969696,42.6527994756676,1555.22660476477,42.4008580058119,57.56,1400569946.28906
2020,21390404.0,DEC + ALB,7.0,1093137.0,72.32755711705275,13.025705358346668,MDG,450.771615201509,17.21605492,13.6947389718241,450.771615201509,13.6947389718241,38.534,1298689941.40625
2020,2948994.0,IVM + ALB,0.0,0.0,0.0,0.0,LBR,616.787867006715,101.29130554,21.3405767547591,658.164180770507,20.7619736101479,52.089,652409973.144531
2020,2040460.0,IVM + ALB,0.0,0.0,0.0,0.0,UGA,845.766463890124,36.87842941,20.6108258720445,822.057058189153,20.4080904532095,24.954,3086120117.1875
2020,1062197.8,IVM + ALB,6.0,98422.0,82.19367985034741,33.147498516754595,COG,1993.586671931,80.80835724,20.459745939771,2488.42466724916,20.3642631107744,67.829,215729995.727539
2020,12810245.0,DEC + ALB,47.0,6518924.0,89.17806929896656,50.888363181188176,ZMB,951.644316655957,60.4353447,36.1832543043812,1258.98619844462,35.4594671468657,44.629,1016099975.58594
2020,1062197.8,1 * ALB,6.0,253670.0,85.04824552580583,33.147498516754595,COG,1993.586671931,80.80835724,20.459745939771,1993.586671931,20.459745939771,67.829,215729995.727539
2020,14989401.0,IVM + ALB,26.0,10797082.0,79.82341397984595,20.98448792170369,MWI,602.507478176106,42.5414238,44.9611498947132,580.889816066776,42.8038378125311,17.427,1454329956.05469
2020,8560784.0,IVM + ALB,0.0,0.0,0.0,0.0,SSD,1080.14718624765,47.67607498,15.8448173708488,1080.14718624765,15.747277681583,20.199,1822660034.17969
2020,2186504.563648,IVM + ALB,9.0,1697870.0,77.65225045619141,77.65225045619141,BFA,825.237038782475,54.17696762,23.3206825506615,764.853077774946,22.8240692453658,30.607,1731250000.0
2020,3819439.0,IVM + ALB,33.0,939509.0,45.0,24.6,AGO,1449.92286669308,55.05102158,51.6603294206642,2189.85571407618,51.3936226824603,66.825,111360000.610352
2020,210238.0,IVM + DEC + ALB,7.0,152119.0,72.35561601613409,72.35561601613409,STP,2167.22001796925,158.96191406,46.4435823257995,1935.2931816596,45.1201003296246,74.354,92120002.746582
2020,4225848.0,IVM + DEC + ALB,20.0,4023825.0,105.75568270969198,95.2193500570773,KEN,1927.66459027849,86.67868805,35.7038199428417,1960.40808854893,35.2957947881613,27.995,3989209960.9375
2020,136378141.1751459,IVM + ALB,436.0,75424759.0,86.21209477542749,55.3056073649915,NGA,2019.65706326224,69.76184845,44.3511464071045,2265.15520863056,43.27675278374,51.958,3375860107.42188
2020,47298137.0,1 * ALB,27.0,4081777.0,91.710384263238,8.629889587405948,COD,507.521230077872,21.25385666,16.1158647638764,557.044161335917,16.4166624601584,45.638,3382530029.29688
2020,420000.0,IVM + ALB,15.0,0.0,0.0,0.0,GNQ,5764.05502912947,246.76673889,66.3127923585184,6804.14923073888,66.3127923585184,73.1,6090000.15258789
2020,5590970.0,IVM + ALB,34.0,3912081.0,69.97141819755784,69.97141819755784,SEN,1461.08720350553,76.77999878,58.0982120345877,1431.18128932159,57.0490341820529,48.122,1612020019.53125
2021,48650774.0,2 * ALB,63.0,10767673.45,98.35144793962068,80.65134791072389,COD,558.034077296358,22.32123756,16.146171281979,507.521230077872,16.1158647638764,46.235,3610189941.40625
2021,1089390.0,IVM + ALB,6.0,124393.0,83.0295222902302,50.39480810361761,COG,2516.16255145432,80.5149231,20.5548102087559,1993.586671931,20.459745939771,68.283,204020004.272461
2021,8758494.0,IVM + ALB,34.0,4628519.0,90.92280423360457,52.84606006466408,SSD,1080.14718624765,32.67995834,15.9472337239091,1080.14718624765,15.8448173708488,20.514,2119209960.9375
2021,5394895.0,IVM + ALB,36.0,4190702.0,77.67902804410465,77.67902804410465,TCD,660.747192555507,35.63117981,12.823518025615,622.095543396442,12.5503207178957,23.781,730440002.441406
2021,948512.0,1 * ALB,15.0,191498.0,20.189307040923048,20.189307040923048,GNQ,6945.63069794539,255.56524658,66.3127923585184,5764.05502912947,66.3127923585184,73.561,12770000.4577637
2021,2040460.0,IVM + ALB,0.0,0.0,0.0,0.0,UGA,882.791717542504,43.44807434,20.8121374661631,845.766463890124,20.6108258720445,25.553,2564060058.59375
2021,14349734.0,IVM + ALB,29.0,3558275.0,92.05191347374952,24.79680111143524,CIV,2455.98127641148,81.86914825,36.2910379646523,2179.72934832935,35.6210684573158,52.18,1576310058.59375
2021,73338.0,DEC + ALB,2.0,62548.0,85.28729989909733,85.28729989909733,ERI,688.68165957684,25.36040497,11.9399656246299,688.68165957684,11.9399656246299,41.985,43950000.7629395
2021,407669.0,IVM + DEC + ALB,7.0,94457.0,94.88397790055248,39.3434379361688,COM,1584.12450153608,99.03723907,35.9066757549833,1527.16991011916,35.9066757549833,29.613,153639999.389648
2021,48650774.0,IVM + ALB,181.0,28469832.0,94.38218159981491,80.65134791072389,COD,558.034077296358,22.32123756,16.146171281979,558.034077296358,16.146171281979,46.235,3610189941.40625
2021,407669.0,DEC + ALB,7.0,65934.0,94.79268503076658,39.3434379361688,COM,1584.12450153608,99.03723907,35.9066757549833,1584.12450153608,35.9066757549833,29.613,153639999.389648
2021,8407131.0,IVM + ALB,23.0,5841495.0,91.73284057347874,69.48262136036656,GIN,1244.96550477914,44.68689728,30.0258480711338,1053.66097696415,28.8045337728005,37.264,592090026.855469
2021,2103341.0,IVM + ALB,0.0,0.0,0.0,0.0,BFA,895.535288442991,56.95098114,24.0411194450571,825.237038782475,23.3206825506615,31.24,1610540039.0625
2021,4306318.0,IVM + ALB,0.0,0.0,0.0,0.0,NER,608.722439593808,34.34204865,15.8815617318811,579.512495758236,15.2880774887646,16.751,1807439941.40625
2021,8147166.0,DEC + ALB,0.0,0.0,0.0,0.0,ZWE,1724.38773104902,62.73724365,34.6099502088038,1730.41348946953,35.1923618234591,32.303,985789978.027344
2021,19580369.0,IVM + ALB,4.0,494085.0,77.43077484841695,2.5233691969747865,MOZ,509.907829475551,44.52215576,36.0718806213065,462.433876479921,34.7705804730804,37.628,2282830078.125
2021,139910337.0,IVM + ALB,118.0,19121169.0,91.5422392294836,13.66673071482917,NGA,2017.27486481527,83.84061432,45.4491548934765,2019.65706326224,44.3511464071045,52.746,3527699951.17188
2021,3979650.0,IVM + ALB,0.0,0.0,0.0,0.0,AGO,1925.87466082167,64.16342163,51.9216843631804,1449.92286669308,51.6603294206642,67.46,247160003.662109
2021,1004177.0,IVM + ALB,59.0,0.0,0.0,0.0,MLI,862.467400106111,40.1202507,48.3865461258165,804.343956745857,46.5825895523924,44.677,1437380004.88281
2021,315128.0,IVM + ALB,25.0,1127825.0,105.41597617152992,17.128740200113437,BEN,1318.83497843483,35.12914658,19.3816144059671,1197.50136428063,19.2707223290055,48.972,849979980.46875
2021,21200377.0,DEC + ALB,0.0,0.0,0.0,0.0,MDG,490.206238571448,17.64008904,14.2229669156927,450.771615201509,13.6947389718241,39.207,1068260009.76563
2021,210238.0,DEC + ALB,7.0,144527.0,71.86322185427171,71.86322185427171,STP,2362.58827248102,186.10397339,47.765818728799,2167.22001796925,46.4435823257995,75.073,72160003.6621094
2021,13185586.0,DEC + ALB,35.0,4876548.0,105.02289418409548,36.98393078623885,ZMB,1127.16077872857,75.3394928,36.2419988529655,951.644316655957,36.1832543043812,45.192,1087640014.64844
2021,3021540.0,IVM + ALB,13.0,2162942.0,71.58409287978978,71.58409287978978,LBR,667.96610514319,112.27044678,21.9278878738336,616.787867006715,21.3405767547591,52.573,606330017.089844
2021,6729162.377092907,IVM + ALB,29.0,1761919.87,82.87169002015798,26.18,ETH,910.947840320752,26.47735214,9.25478025646195,905.313175805855,8.95353751323462,22.174,4070649902.34375
2021,4323890.0,IVM + DEC + ALB,0.0,0.0,0.0,0.0,KEN,2061.35622089594,94.67254639,36.1147556713877,1927.66459027849,35.7038199428417,28.493,3176919921.875
2021,1089390.0,2 * ALB,2.0,87947.0,85.08145654361118,50.39480810361761,COG,2516.16255145432,80.5149231,20.5548102087559,2516.16255145432,20.5548102087559,68.283,204020004.272461
2021,59799.0,IVM + ALB,1.0,20189.0,33.761434137694614,33.761434137694614,CMR,1672.32657340872,63.78601837,42.9056321489974,1555.60370660749,42.6527994756676,58.148,1140959960.9375
2021,1941909.0,IVM + ALB,27.0,232561.0,83.883452422604,11.975895883895692,GNB,900.407780831491,68.81868744,27.7338884299736,817.780335749159,26.3482236537259,44.617,169100006.103516
2021,6389657.0,1 * ALB,11.0,2742180.0,97.62841191928348,76.96258187254809,CAF,492.263142830507,42.92785645,13.7575067532956,462.879071294011,14.1186346735747,42.648,659270019.53125
2021,6389657.0,IVM + ALB,11.0,2175465.0,72.37042142850964,76.96258187254809,CAF,492.263142830507,42.92785645,13.7575067532956,492.263142830507,13.7575067532956,42.648,659270019.53125
2021,1089390.0,1 * ALB,11.0,377890.0,81.85877407859084,50.39480810361761,COG,2516.16255145432,80.5149231,20.5548102087559,2516.16255145432,20.5548102087559,68.283,204020004.272461
2021,1693098.0,IVM + ALB,4.0,1255575.0,74.15843619211645,74.15843619211645,SLE,885.184270659578,43.1619873,21.9564981614005,845.313836261458,21.0167130216126,43.372,709659973.144531
2021,5764573.0,IVM + ALB,10.0,1123495.0,90.52909191704968,19.489648235871076,SEN,1598.10676952274,71.22032928,59.1433799517105,1461.08720350553,58.0982120345877,48.6,1389400024.41406
2021,7920891.0,IVM + ALB,19.0,6130377.0,91.7688961195072,77.4,TZA,1159.85656738281,37.15989685,30.4322467707954,1117.41528320313,30.246799713062,35.954,2618050048.82813
2021,1116519.0,IVM + ALB,11.0,778905.0,69.76191179908268,69.76191179908268,GHA,2445.50081810782,100.00096893,27.3752434132951,2196.54789313621,26.179198602453,57.985,1238469970.70313
2022,2043809.0,IVM + ALB,8.0,1651955.0,80.82726908434203,80.8,BFA,836.118304593682,56.95098114,24.7564935540426,895.535288442991,24.0411194450571,31.877,1394810058.59375
2022,5564295.0,IVM + ALB,12.0,1285239.0,78.83025390275198,23.1,TCD,671.720147647873,35.63117981,12.9220664368098,660.747192555507,12.823518025615,24.063,694119995.117188
2022,315128.0,IVM + ALB,25.0,1127825.0,105.41597617152992,17.128740200113437,BEN,1264.70765976655,35.12914658,19.4935017104267,1318.83497843483,19.3816144059671,49.534,844369995.117188
2022,6674768.0,IVM + ALB,20.0,5609629.0,84.04230678879027,84.0,TZA,1207.85302734375,37.15989685,30.6179496792131,1159.85656738281,30.4322467707954,36.682,2661899902.34375
2022,13185586.0,DEC + ALB,0.0,0.0,0.0,0.0,ZMB,1447.12310138035,75.3394928,36.3013685414785,1127.16077872857,36.2419988529655,45.761,1829949951.17188
2022,2040460.0,IVM + ALB,0.0,0.0,0.0,0.0,UGA,963.067314117178,43.44807434,21.0121303393868,882.791717542504,20.8121374661631,26.159,2113840087.89063
2022,59799.0,IVM + ALB,1.0,0.0,0.0,0.0,CMR,1604.87726954895,63.78601837,43.119165338496,1672.32657340872,42.9056321489974,58.733,1177569946.28906
2022,407669.0,DEC + ALB,0.0,0.0,0.0,0.0,COM,1489.49566257969,99.03723907,35.9066757549833,1584.12450153608,35.9066757549833,29.864,137279998.779297
2022,4105407.0,IVM + ALB,0.0,0.0,0.0,0.0,AGO,2929.69445467272,64.16342163,52.1772757616933,1925.87466082167,51.9216843631804,68.081,97480003.3569336
2022,6389657.0,IVM + ALB,0.0,0.0,0.0,0.0,CAF,467.359825026238,42.92785645,13.8462938417752,492.263142830507,13.7575067532956,43.12,683059997.558594
2022,352247.9630296384,IVM + ALB,1.0,266216.0,75.57629851695397,75.6,NER,609.745147574878,34.34204865,16.4096569958993,608.722439593808,15.8815617318811,16.894,2035040039.0625
2022,1114335.0,2 * ALB,13.0,483955.0,85.69200068701628,55.4,COG,2620.83804267402,80.5149231,20.5548102087559,2516.16255145432,20.5548102087559,68.736,707530029.296875
2022,1992894.0,IVM + ALB,54.0,562458.0,76.68525883377893,28.2,GNB,853.281304044102,68.81868744,27.8438185893828,900.407780831491,27.7338884299736,45.041,148639999.389648
2022,8352700.0,DEC + ALB,0.0,0.0,0.0,0.0,ZWE,2040.55245910726,62.73724365,34.6178581154233,1724.38773104902,34.6099502088038,32.395,782289978.027344
2022,4214924.0,DEC + ALB,20.0,4077735.0,96.74516076683707,96.7,KEN,2109.56288513137,94.67254639,36.528720029267,2061.35622089594,36.1147556713877,29.002,2652010009.76563
2022,8637776.0,IVM + ALB,13.0,3483940.0,94.98288697332528,40.3,GIN,1416.59612011764,44.68689728,31.2707417142027,1244.96550477914,30.0258480711338,37.668,499630004.882813
2022,1114335.0,IVM + ALB,6.0,133572.0,83.04495688342047,55.4,COG,2620.83804267402,80.5149231,20.5548102087559,2620.83804267402,20.5548102087559,68.736,707530029.296875
2022,781981.0,IVM + ALB,8.0,551739.0,70.55657362519038,70.6,GHA,2240.27945094566,100.00096893,28.5838871671897,2445.50081810782,27.3752434132951,58.615,1045640014.64844
2022,3415587.0,IVM + ALB,13.0,2490903.0,72.92752314609466,72.9,LBR,744.617175237387,112.27044678,22.5233824972505,667.96610514319,21.9278878738336,53.065,484750000.0
2022,567069.0,IVM + ALB,1.0,541099.0,95.42031040314318,95.4,SLE,860.130884035452,43.1619873,22.9191871774247,885.184270659578,21.9564981614005,43.831,523469970.703125
2022,210238.0,DEC + ALB,7.0,144527.0,71.86322185427171,71.86322185427171,STP,2389.73729784737,186.10397339,47.8426472252971,2362.58827248102,47.765818728799,75.755,53130001.0681152
2022,3708905.370772992,IVM + ALB,33.0,1843701.0,72.1686773969355,49.7,ETH,1011.0732858233,26.47735214,9.33621609876944,910.947840320752,9.25478025646195,22.661,4925600097.65625
2022,9198157.269300004,IVM + ALB,47.0,5211424.0,61.73696788922588,61.4,SSD,1080.14718624765,32.67995834,16.0551793971587,1080.14718624765,15.9472337239091,20.846,2077149902.34375
2022,22923380.0,DEC + ALB,40.0,6669842.0,73.28138984359602,34.5,MDG,497.242514792961,17.64008904,14.7542851111188,490.206238571448,14.2229669156927,39.882,999890014.648438
2022,22923380.0,IVM + DEC + ALB,10.0,1239506.0,79.04135638009558,34.5,MDG,497.242514792961,17.64008904,14.7542851111188,497.242514792961,14.7542851111188,39.882,999890014.648438
2022,9198157.269300004,1 * ALB,4.0,434093.0,57.357289681431,61.4,SSD,1080.14718624765,32.67995834,16.0551793971587,1080.14718624765,16.0551793971587,20.846,2077149902.34375
2022,45243848.0,1 * ALB,4.0,404650.0,98.16717410026564,80.9,COD,642.612265820033,22.32123756,16.1744725542393,558.034077296358,16.146171281979,46.837,3249770019.53125
2022,9998618.815808982,IVM + ALB,0.0,0.0,0.0,0.0,MOZ,578.251663751351,44.52215576,37.3797966827908,509.907829475551,36.0718806213065,38.187,2558689941.40625
2022,1679019.0,IVM + ALB,10.0,1177785.0,75.774790696657,70.2,CIV,2308.70654660366,81.86914825,36.9620839390068,2455.98127641148,36.2910379646523,52.661,1974449951.17188
2022,45243848.0,IVM + ALB,159.0,26317111.0,95.17748354066124,80.9,COD,642.612265820033,22.32123756,16.1744725542393,642.612265820033,16.1744725542393,46.837,3249770019.53125
2022,45243848.0,2 * ALB,55.0,9872237.0,100.17987701266964,80.9,COD,642.612265820033,22.32123756,16.1744725542393,642.612265820033,16.1744725542393,46.837,3249770019.53125
2022,138928998.30150232,IVM + ALB,455.0,84598467.0,70.86758117324864,60.9,NGA,2139.37478476974,83.84061432,46.5706750774817,2017.27486481527,45.4491548934765,53.521,4443259765.625
2022,30358.0,DEC + ALB,1.0,26688.0,87.91092957375322,87.9,ERI,688.68165957684,25.36040497,11.9399656246299,688.68165957684,11.9399656246299,42.625,54709999.0844727
2022,497754.0,IVM + ALB,3.0,367013.0,73.73381228478326,73.7,SEN,1564.74522071584,71.22032928,60.1839131026354,1598.10676952274,59.1433799517105,49.086,1451839965.82031
2022,1004177.0,IVM + ALB,59.0,0.0,0.0,0.0,MLI,813.965034073188,40.1202507,50.2085511222901,862.467400106111,48.3865461258165,45.437,1198290039.0625
2022,948512.0,1 * ALB,0.0,0.0,0.0,0.0,GNQ,7589.29964909381,255.56524658,66.3127923585184,6945.63069794539,66.3127923585184,74.01,11180000.3051758
