Year,Population requiring PC for LF,Mapping status,Type of MDA,Current status of MDA,Number of IUs covered,Geographical coverage (%),Total population of IUs,Reported number of people treated,Programme (drug) coverage (%),National coverage (%),CountryCode
2000,1600000.0,Completed,IVM + ALB,Ongoing,1,14.299999999999999,77000,51722,67.17142857142858,3.232625,TGO
2000,4000000.0,Completed,IVM + ALB,Ongoing,No data,No data,480000,114947,23.94729166666667,2.873675,GHA
2000,80000000.0,In progress,IVM + ALB,Ongoing,4,No data,414238,159698,38.55223325720962,0.19962249999999998,NGA
2000,11000000.0,In progress,IVM + ALB,Ongoing,No data,No data,37240,37240,100,0.3385454545454546,TZA
2001,6015806.0,Completed,IVM + ALB,Ongoing,4,8.200000000000001,574834,393677,68.48533663631588,6.544044139721262,GHA
2001,80000000.0,In progress,IVM + ALB,Ongoing,13,No data,2090219,675701,32.32680403345295,0.8446262499999999,NGA
2001,456250.0,Completed,DEC + ALB,Ongoing,2,66.60000000000001,62239,53308,85.65047638940214,11.683945205479453,COM
2001,1100816.0,Completed,IVM + ALB,Ongoing,3,42.9,458337,342398,74.7044205464538,31.104017383468264,TGO
2001,12000000.0,Completed,IVM + ALB,Ongoing,4,7.3,558552,431399,77.23524398802618,3.5949916666666666,BFA
2001,34000000.0,In progress,IVM + ALB,Ongoing,15,13,1616633,955403,59.098323490860324,2.8100088235294116,TZA
2002,456250.0,Completed,DEC + ALB,Ongoing,2,66.60000000000001,431300,245224,56.85694412242059,53.747726027397256,COM
2002,1123757.0,Completed,IVM + ALB,Ongoing,6,85.7,709455,556974,78.50730490305939,49.5635622292008,TGO
2002,6015806.0,Completed,IVM + ALB,Ongoing,15,24.6,1650000,1223122,74.12860606060606,20.331805912624176,GHA
2002,12429409.0,Completed,IVM + ALB,Ongoing,2,6.5,965323,733375,75.97198036304947,5.900320763440965,UGA
2002,2987266.0,In progress,DEC + ALB,Ongoing,1,14.299999999999999,592273,480900,81.19566483699239,16.09833205345624,KEN
2002,34000000.0,In progress,IVM + ALB,Ongoing,19,16.5,3002302,2078204,69.22035158355155,6.112364705882353,TZA
2002,12793884.0,Completed,IVM + ALB,Ongoing,14,25.4,2612524,1786125,68.36779298486827,13.960772193963928,BFA
2002,80000000.0,In progress,IVM + ALB,Ongoing,26,No data,4036088,2168355,53.72417548874058,2.71044375,NGA
2002,3430000.0,Completed,IVM + ALB,Ongoing,3,6,289094,224971,77.81932520218338,6.558921282798834,BEN
2003,13116285.0,Completed,IVM + ALB,Ongoing,31,56.39999999999999,7074048,5504199,77.80833548203235,41.96461879259257,BFA
2003,3430000.0,Completed,IVM + ALB,Ongoing,15,30,839321,678638,80.85559636896969,19.78536443148688,BEN
2003,1060569.0,Completed,IVM + ALB,Ongoing,7,100,1060569,855132,80.62954885537857,80.62954885537857,TGO
2003,80000000.0,In progress,IVM + ALB,Ongoing,30,No data,4331401,3112889,71.86794757631537,3.89111125,NGA
2003,2987266.0,In progress,DEC + ALB,Ongoing,3,42.9,1450991,1153468,79.49518639329948,38.61283193394897,KEN
2003,6000000.0,Completed,IVM + ALB,Ongoing,30,49.2,3777488,2681404,70.98378605041233,44.69006666666667,GHA
2003,545537.0,Completed,DEC + ALB,Ongoing,3,100,545537,374556,68.65822116556714,68.65822116556714,COM
2003,34000000.0,In progress,IVM + ALB,Ongoing,24,20.9,3863265,2335561,60.45562497007065,6.86929705882353,TZA
2003,12429409.0,Completed,IVM + ALB,No MDA,0,0,0,0,0,0,UGA
2004,13194581.0,Completed,IVM + ALB,Ongoing,37,67.30000000000001,8401168,6239697,74.27177982870953,47.28984573288079,BFA
2004,545537.0,Completed,DEC + ALB,Ongoing,3,100,511395,397314,77.6921948787141,72.82989054821213,COM
2004,1063185.0,Completed,IVM + ALB,Ongoing,7,100,1064633,889393,83.5398677290672,83.65364447391565,TGO
2004,2987266.0,In progress,DEC + ALB,No MDA,0,0,0,0,0,0,KEN
2004,4362588.0,Completed,IVM + ALB,Ongoing,23,46,1469789,1127825,76.73380328741064,25.852200574521362,BEN
2004,80000000.0,In progress,IVM + ALB,Ongoing,30,No data,4196224,3236206,77.12186003416404,4.0452575,NGA
2004,12429409.0,Completed,IVM + ALB,Ongoing,5,16.1,2167699,1158772,53.456314737424336,9.32282460091224,UGA
2004,10205132.0,Completed,IVM + ALB,Ongoing,39,64,5378143,3971869,73.85205265088712,38.920309898980236,GHA
2004,34000000.0,In progress,IVM + ALB,Ongoing,29,25.2,6469772,4225469,65.31094140566313,12.42785,TZA
2005,572171.0,Completed,DEC + ALB,No MDA,0,0,0,0,0,0,COM
2005,12429409.0,Completed,IVM + ALB,Ongoing,10,32.6,4914819,3483384,70.8751227664742,28.025338936066873,UGA
2005,13590357.0,Completed,IVM + ALB,Ongoing,55,100,13590357,10493483,77.21271045344872,77.21271045344872,BFA
2005,2987266.0,Completed,DEC + ALB,Ongoing,3,42.9,1677824,1213229,72.30967014418675,40.61335682861854,KEN
2005,1064633.0,Completed,IVM + ALB,Ongoing,7,100,1093470,926769,84.75486295920327,87.05056108536932,TGO
2005,15821728.0,Completed,DEC + ALB,Ongoing,3,0.4,719642,585550,81.36684629301791,3.700923186139972,MDG
2005,10205132.0,Completed,IVM + ALB,Ongoing,60,98.4,6900365,5135002,74.41638232180472,50.317840082813234,GHA
2005,11408323.0,Completed,IVM + ALB,Ongoing,3,5.1,573461,476836,83.150554266114,4.179720367314284,MLI
2005,34126624.0,Completed,IVM + ALB,Ongoing,10,8.7,1161629,928339,79.91699587389778,2.7202778686810625,TZA
2005,80000000.0,In progress,IVM + ALB,Ongoing,30,No data,5300000,3400000,64.15094339622641,4.25,NGA
2005,4799900.0,Completed,IVM + ALB,Ongoing,33,66,2010883,1516490,75.414133989894,31.594199879164147,BEN
2006,80000000.0,In progress,IVM + ALB,Ongoing,30,No data,4498594,3344896,74.35425379574151,4.18112,NGA
2006,1118424.0,Completed,IVM + ALB,Ongoing,7,100,1118424,954216,85.31791163279759,85.31791163279759,TGO
2006,10510647.0,Completed,IVM + ALB,Ongoing,61,100,8511783,6032545,70.87287117164523,57.39461138786223,GHA
2006,12429409.0,Completed,IVM + ALB,No MDA,0,0,0,0,0,0,UGA
2006,15821728.0,Completed,DEC + ALB,Ongoing,13,13.3,2759574,2130005,77.18600769539067,13.462530767814995,MDG
2006,4799900.0,Completed,IVM + ALB,Ongoing,28,56.00000000000001,1864118,1461523,78.40292299092654,30.449030188128916,BEN
2006,38531568.0,Completed,IVM + ALB,Ongoing,38,33,8428637,6067789,71.99015689013538,15.74757871260261,TZA
2006,13938935.0,Completed,IVM + ALB,Ongoing,55,100,13938935,11127329,79.82911893914421,79.82911893914421,BFA
2006,12299691.0,Completed,IVM + ALB,Ongoing,15,25.4,2960426,2316180,78.23806438667948,18.83120478392506,MLI
2006,572171.0,Completed,DEC + ALB,Ongoing,1,33.300000000000004,37826,29248,77.32247660339449,5.111758547706892,COM
2006,2987266.0,Completed,DEC + ALB,No MDA,0,0,0,0,0,0,KEN
2007,4799900.0,Completed,IVM + ALB,Ongoing,28,56.00000000000001,1836321,1485608,80.90132389707463,30.950811475239064,BEN
2007,37369939.0,Completed,IVM + ALB,Ongoing,30,26.1,9328646,6393215,68.53315047006822,17.10790857860378,TZA
2007,12990930.0,Completed,IVM + ALB,Ongoing,24,40.699999999999996,5627709,4527977,80.45862001748847,34.854910310501246,MLI
2007,4248592.0,In progress,IVM + ALB,Ongoing,7,23.3,600404,472405,78.68118800007994,11.119095455623887,SEN
2007,15821728.0,Completed,DEC + ALB,Ongoing,17,17.299999999999997,3654173,2906529,79.53999441186829,18.370490252392152,MDG
2007,3031878.0,Completed,DEC + ALB,No MDA,0,0,0,0,0,0,KEN
2007,514110.0,Completed,DEC + ALB,Ongoing,2,66.60000000000001,476284,345973,72.64006349153026,67.29552041391919,COM
2007,1173631.0,Completed,IVM + ALB,Ongoing,7,100,1129341,966532,85.58371652140497,82.35399371693488,TGO
2007,10555253.0,Completed,IVM + ALB,Ongoing,9,34.599999999999994,3079217,2223903,72.2230034453564,21.06915864546307,NER
2007,4967802.0,Completed,IVM + ALB,Ongoing,6,42.9,1919582,1177214,61.32658047429076,23.69687841826224,SLE
2007,14333866.0,Completed,IVM + ALB,Ongoing,55,100,14333866,11613507,81.02145645843208,81.02145645843208,BFA
2007,12839562.0,Completed,IVM + ALB,Ongoing,25,80.60000000000001,6892302,4923440,71.43389828246065,38.345856346190004,UGA
2007,10510647.0,Completed,IVM + ALB,Ongoing,61,100,9278935,5932174,63.931625773863054,56.43966541736203,GHA
2007,80000000.0,In progress,IVM + ALB,Ongoing,30,No data,4566074,3414800,74.78634818445781,4.2685,NGA
2008,514110.0,Completed,DEC + ALB,No MDA,0,0,0,0,0,0,COM
2008,1205317.0,Completed,IVM + ALB,Ongoing,7,100,1098333,936848,85.29726412663554,77.72627449874182,TGO
2008,40420017.0,Completed,IVM + ALB,Ongoing,20,17.391304347826086,4386488,3140683,71.5990332129029,7.770117959129013,TZA
2008,13264445.0,Completed,IVM + ALB,Ongoing,34,80.95238095238095,10330061,6450542,62.444374723440646,48.630319625133204,UGA
2008,63306769.0,In progress,IVM + ALB,Ongoing,36,No data,5295703,3884644,73.35464243368634,6.136222178705724,NGA
2008,5319758.0,Completed,IVM + ALB,Ongoing,13,92.85714285714286,4536613,3179107,70.07666292011243,59.760368798731065,SLE
2008,12887248.0,Completed,IVM + ALB,Ongoing,9,33.33333333333333,3358816,2704323,80.51417523317741,20.98448792170369,MWI
2008,15411849.0,Completed,IVM + ALB,Ongoing,63,100,14724723,12041890,81.78007830775492,78.1339734122752,BFA
2008,13332921.0,Completed,IVM + ALB,Ongoing,30,50.847457627118644,8221268,5066874,61.631295804978016,38.002730234432505,MLI
2008,3031878.0,Completed,DEC + ALB,Ongoing,3,42.857142857142854,1742549,1092068,62.67071973298886,36.01952321300527,KEN
2008,5314600.0,Completed,IVM + ALB,Ongoing,7,21.21212121212121,594346,447593,75.30849034064333,8.421950852368946,SEN
2008,5282204.0,Completed,IVM + ALB,Ongoing,16,32,1075801,904775,84.10245017433522,17.128740200113437,BEN
2008,10355501.0,Completed,IVM + ALB,Ongoing,18,64.28571428571429,6554967,3849412,58.72511638883918,37.17262931074025,NER
2008,11378229.0,Completed,IVM + ALB,Ongoing,61,100,10232775,7228639,70.64202037081829,63.5304404578252,GHA
2008,14305000.0,In progress,IVM + ALB,Ongoing,15,No data,1507545,1165251,77.29460812115062,8.145760223698009,CMR
2008,17389792.0,Completed,DEC + ALB,Ongoing,30,30.612244897959183,6487033,4891862,75.40985223907447,28.130652741562407,MDG
2009,,Completed,,Not required MDA,,,,,,,MUS
2009,,Completed,,Not required MDA,,,,,,,RWA
2009,514110.0,Completed,DEC + ALB,No MDA,0,0,0,0,0,0,COM
2009,11465194.0,Completed,IVM + ALB,Ongoing,22,78.60000000000001,8993334,6523176,72.53345644674155,56.895469889127035,NER
2009,410000.0,Completed,DEC + ALB,Not started,,,,,,,STP
2009,13798000.0,Completed,IVM + ALB,Ongoing,59,100,11436622,9730857,85.08506270470424,70.52367734454269,MLI
2009,70650902.0,In progress,IVM + ALB,Ongoing,50,No data,8293770,4754864,57.33055052165662,6.730082511897725,NGA
2009,12887248.0,Completed,IVM + ALB,Ongoing,26,100,13053083,10805518,82.78134751767074,83.84659005553397,MWI
2009,2600000.0,Completed,Not started,Not started,,,,,,,COG
2009,15538610.0,Completed,IVM + ALB,Ongoing,18,16.8,2240497,1607688,71.75586488176508,10.346408076398083,MOZ
2009,1200000.0,Completed,DEC + ALB,Not started,,,,,,,GMB
2009,1290600.0,Completed,IVM + ALB,Not started,,,,,,,GAB
2009,13264445.0,Completed,IVM + ALB,No MDA,0,0,0,0,0,0,UGA
2009,5314600.0,Completed,IVM + ALB,Ongoing,7,21.21212121212121,617065,412461,66.84239099608631,7.760903925036692,SEN
2009,49140000.0,In progress,Not started,Not started,,,,,,,COD
2009,3600000.0,In progress,IVM + ALB,Not started,,,,,,,LBR
2009,3031878.0,Completed,DEC + ALB,No MDA,0,0,0,0,0,0,KEN
2009,,Completed,,Not required MDA,,,,,,,SYC
2009,1311741.0,Completed,IVM + ALB,Not started,,,,,,,GNB
2009,420000.0,Completed,IVM + ALB,Not started,,,,,,,GNQ
2009,1191720.0,Completed,IVM + ALB,Ongoing,2,100,399230,329660,82.57395486311148,27.66253818010942,TGO
2009,5319758.0,Completed,IVM + ALB,Ongoing,12,85.7,4694711,3476726,74.05623051131369,65.35496539504241,SLE
2009,6067135.0,Completed,IVM + ALB,Not started,,,,,,,GIN
2009,3577000.0,Not started,DEC + ALB,Not started,,,,,,,ERI
2009,11587953.0,Completed,IVM + ALB,Ongoing,74,100,9627213,7204038,74.82994299596363,62.16833982671487,GHA
2009,17948748.0,Completed,DEC + ALB,Ongoing,30,30.612244897959183,6760952,5046639,74.64391109417727,28.116941638491998,MDG
2009,14000000.0,In progress,IVM + ALB,Ongoing,3,No data,1159593,914720,78.88284941354424,6.533714285714286,CIV
2009,12090000.0,In progress,IVM + ALB,Not started,,,,,,,AGO
2009,30000000.0,In progress,IVM + ALB,Ongoing,5,No data,99037,77442,78.19501802356696,0.25814000000000004,ETH
2009,37369939.0,Completed,IVM + ALB,Ongoing,23,20,6002837,4396112,73.23390590149292,11.763765522871203,TZA
2009,6000000.0,In progress,DEC + ALB,Not started,,,,,,,ZWE
2009,,Completed,,Not required MDA,,,,,,,CPV
2009,14305000.0,In progress,IVM + ALB,Ongoing,9,No data,825783,616160,74.61524395634204,4.307305138063614,CMR
2009,15411849.0,Completed,IVM + ALB,Ongoing,63,100,15411849,12326907,79.98331024395581,79.98331024395581,BFA
2009,7270000.0,Not started,IVM + ALB,Not started,,,,,,,TCD
2009,8780000.0,In progress,DEC + ALB,Not started,,,,,,,ZMB
2009,,Completed,,Not required MDA,,,,,,,BDI
2009,5282204.0,Completed,IVM + ALB,Ongoing,16,32,1068220,908775,85.0737675759675,17.204466166017063,BEN
2009,3300000.0,In progress,IVM + ALB,Not started,,,,,,,CAF
2010,30000000.0,In progress,IVM + ALB,Ongoing,5,No data,101013,73435,72.69856355122609,0.24478333333333335,ETH
2010,1290600.0,Completed,IVM + ALB,Not started,,,,,,,GAB
2010,16819434.0,In progress,IVM + ALB,Ongoing,43,No data,5264142,3676469,69.83985234440864,21.858458495095615,CMR
2010,3300000.0,In progress,IVM + ALB,Ongoing,2,11.76470588235294,405311,193919,47.84449472133744,5.876333333333333,CAF
2010,3577000.0,Not started,DEC + ALB,Not started,,,,,,,ERI
2010,,,,Surveillance,,,,,,,TGO
2010,,,,Classified as non-endemic,,,,,,,CPV
2010,420000.0,Completed,IVM + ALB,Not started,,,,,,,GNQ
2010,,,,Classified as non-endemic,,,,,,,BDI
2010,8780000.0,In progress,DEC + ALB,Not started,,,,,,,ZMB
2010,11925399.0,Completed,IVM + ALB,Ongoing,69,93.2,9966010,7491873,75.17424726645869,62.82282882107341,GHA
2010,49140000.0,In progress,Not started,Not started,,,,,,,COD
2010,1200000.0,Completed,DEC + ALB,Not started,,,,,,,GMB
2010,6127337.0,Completed,IVM + ALB,Ongoing,14,100,6127337,4760021,77.68498778506878,77.68498778506878,SLE
2010,1311741.0,Completed,IVM + ALB,Not started,,,,,,,GNB
2010,12090000.0,In progress,IVM + ALB,Not started,,,,,,,AGO
2010,88966825.0,In progress,IVM + ALB,Ongoing,103,No data,21432345,10489790,48.94373434171575,11.790675906440406,NGA
2010,11465194.0,Completed,IVM + ALB,Ongoing,29,100,10727330,7802679,72.73644979692058,68.05535955170056,NER
2010,17118460.0,Completed,IVM + ALB,Ongoing,37,35.9,5029795,3739881,74.35454128846204,21.84706451398081,MOZ
2010,,,,Classified as non-endemic,,,,,,,MUS
2010,,,,Classified as non-endemic,,,,,,,RWA
2010,410000.0,Completed,DEC + ALB,Not started,,,,,,,STP
2010,15039794.0,Completed,IVM + ALB,Ongoing,59,100,11848053,10046835,84.79735024818001,66.80167959747321,MLI
2010,5282204.0,Completed,IVM + ALB,Ongoing,16,32,1105375,946317,85.61049417618455,17.91519221900555,BEN
2010,13065294.0,Completed,IVM + ALB,Ongoing,27,100,13065294,10797082,82.63941094628258,82.63941094628258,MWI
2010,18602379.0,Completed,DEC + ALB,Ongoing,49,49,10355365,6868762,66.33046734711911,36.92410524481842,MDG
2010,6000000.0,In progress,DEC + ALB,Not started,,,,,,,ZWE
2010,5314600.0,Completed,IVM + ALB,No data,No data,No data,No data,No data,No data,No data,SEN
2010,3600000.0,In progress,IVM + ALB,Not started,,,,,,,LBR
2010,15411849.0,Completed,IVM + ALB,No MDA,0,0,0,0,0,0,BFA
2010,3031878.0,Completed,DEC + ALB,No MDA,0,0,0,0,0,0,KEN
2010,,,,Classified as non-endemic,,,,,,,SYC
2010,6067135.0,Completed,IVM + ALB,Not started,,,,,,,GIN
2010,14704200.0,Completed,IVM + ALB,Ongoing,38,98.7,12679778,9183256,72.42442257269805,62.45328545585615,UGA
2010,37369939.0,Completed,IVM + ALB,Ongoing,22,19.1,6094422,4465654,73.27444669896505,11.949856273514389,TZA
2010,514110.0,Completed,DEC + ALB,No MDA,0,0,0,0,0,0,COM
2010,7270000.0,Not started,IVM + ALB,Not started,,,,,,,TCD
2010,2600000.0,Completed,Not started,Not started,,,,,,,COG
2010,14000000.0,In progress,IVM + ALB,Ongoing,13,No data,7808346,2458436,31.484721604293664,17.560257142857143,CIV
2011,12150323.0,Completed,IVM + ALB,Ongoing,70,94.6,10518427,7761897,73.79332480037176,63.88222765765157,GHA
2011,1582496.0,Completed,IVM + ALB,Ongoing,33,28.4,357933,264712,73.95574032011577,16.727498837279843,GNB
2011,420000.0,Completed,IVM + ALB,Not started,,,,,,,GNQ
2011,16166882.0,Completed,IVM + ALB,Ongoing,60,100,14940147,11926872,79.83102174295875,73.77348334700532,MLI
2011,,,,Surveillance,,,,,,,TGO
2011,5812099.0,Completed,IVM + ALB,Ongoing,14,28.000000000000004,630963,531313,84.20668089887997,9.141499482372891,BEN
2011,16673025.0,In progress,IVM + ALB,Ongoing,125,No data,10184974,7943616,77.99348334124367,47.643519997121096,CMR
2011,3300000.0,In progress,IVM + ALB,No data,No data,No data,No data,No data,No data,No data,CAF
2011,3577000.0,Not started,DEC + ALB,Not started,,,,,,,ERI
2011,7270000.0,Not started,IVM + ALB,Not started,,,,,,,TCD
2011,14104061.0,Completed,IVM + ALB,Ongoing,26,100,14104061,11258343,79.82341397984595,79.82341397984595,MWI
2011,8780000.0,In progress,DEC + ALB,Not started,,,,,,,ZMB
2011,2600000.0,Completed,Not started,Not started,,,,,,,COG
2011,30000000.0,In progress,IVM + ALB,Ongoing,5,No data,103896,84929,81.74424424424424,0.28309666666666666,ETH
2011,1200000.0,Completed,DEC + ALB,Not started,,,,,,,GMB
2011,16570898.0,Completed,IVM + ALB,Ongoing,63,100,15774982,12825582,81.30330671692684,77.39823152613697,BFA
2011,18602379.0,Completed,DEC + ALB,No data,No data,No data,No data,No data,No data,No data,MDG
2011,3421741.0,Completed,DEC + ALB,Ongoing,9,75,2162217,1259903,58.26903590157695,36.82052499005623,KEN
2011,6000000.0,In progress,DEC + ALB,Not started,,,,,,,ZWE
2011,5314600.0,Completed,IVM + ALB,No data,No data,No data,No data,No data,No data,No data,SEN
2011,1290600.0,Completed,IVM + ALB,Not started,,,,,,,GAB
2011,514110.0,Completed,DEC + ALB,No MDA,0,0,0,0,0,0,COM
2011,410000.0,Completed,DEC + ALB,Not started,,,,,,,STP
2011,3600000.0,In progress,IVM + ALB,Not started,,,,,,,LBR
2011,14203400.0,Completed,IVM + ALB,Ongoing,53,98.14814814814815,13744409,8766071,63.77917740951975,61.71811678893786,UGA
2011,17114949.0,Completed,IVM + ALB,Ongoing,65,63.10679611650486,10449220,8496428,81.31160029169642,49.643314741983744,MOZ
2011,106124877.0,In progress,IVM + ALB,Ongoing,185,No data,34438513,19887248,57.74711585253405,18.73947802078489,NGA
2011,14000000.0,In progress,No MDA,No MDA,0,0,0,0,0,0,CIV
2011,11605401.0,Completed,IVM + ALB,Ongoing,30,100,11605400,7394521,63.71620969548658,63.716204205266145,NER
2011,6067135.0,Completed,IVM + ALB,Not started,,,,,,,GIN
2011,49140000.0,In progress,Not started,Not started,,,,,,,COD
2011,12090000.0,In progress,IVM + ALB,Not started,,,,,,,AGO
2011,43956328.0,Completed,IVM + ALB,Ongoing,69,52.27272727272727,14320470,10912153,76.19968478688199,24.824987655929768,TZA
2011,6312745.0,Completed,IVM + ALB,Ongoing,14,100,6312745,5074218,80.3805317654998,80.3805317654998,SLE
2012,12090000.0,In progress,IVM + ALB,Not started,,,,,,,AGO
2012,1290600.0,Completed,IVM + ALB,Not started,,,,,,,GAB
2012,16779208.0,Completed,IVM + ALB,Ongoing,57,90.5,15348722,12437078,81.03005579226726,74.12196094118387,BFA
2012,14807685.0,Completed,IVM + ALB,Ongoing,26,100,14807685,11877822,80.21390244322458,80.21390244322458,MWI
2012,6067135.0,Completed,IVM + ALB,Not started,,,,,,,GIN
2012,108526381.0,In progress,IVM + ALB,Ongoing,154,No data,29882608,15815548,52.925594713821496,14.57299861496349,NGA
2012,8780000.0,In progress,DEC + ALB,Not started,,,,,,,ZMB
2012,1200000.0,Completed,DEC + ALB,Not started,,,,,,,GMB
2012,30000000.0,In progress,IVM + ALB,Ongoing,21,No data,1255760,987414,78.63078932280054,3.29138,ETH
2012,3421741.0,Completed,DEC + ALB,No MDA,0,0,0,0,0,0,KEN
2012,410000.0,Completed,DEC + ALB,Not started,,,,,,,STP
2012,5314600.0,Completed,IVM + ALB,No data,No data,No data,No data,No data,No data,No data,SEN
2012,18602379.0,Completed,DEC + ALB,Ongoing,7,7.1,1356601,907295,66.88001851686678,4.877306284319872,MDG
2012,6000000.0,In progress,DEC + ALB,Not started,,,,,,,ZWE
2012,45173251.0,Completed,IVM + ALB,Ongoing,80,61.1,21799341,14338713,65.77590120728878,31.741600798224596,TZA
2012,17114949.0,Completed,IVM + ALB,No MDA,0,0,0,0,0,0,MOZ
2012,2600000.0,Completed,Not started,Not started,,,,,,,COG
2012,16166882.0,Completed,IVM + ALB,Ongoing,42,70,12855229,10373698,80.69632987479258,64.16634945439695,MLI
2012,14464244.0,Completed,IVM + ALB,Ongoing,36,66.7,9034672,6052350,66.99025708957669,41.84352808207605,UGA
2012,,,,Surveillance,,,,,,,TGO
2012,7270000.0,In progress,IVM + ALB,Not started,,,,,,,TCD
2012,14000000.0,In progress,No MDA,No MDA,0,0,0,0,0,0,CIV
2012,3600000.0,In progress,IVM + ALB,Ongoing,13,100,2735168,2217320,81.06704962912698,61.592222222222226,LBR
2012,12467592.0,Completed,IVM + ALB,Ongoing,30,100,12467592,8926672,71.59900644807755,71.59900644807755,NER
2012,1582496.0,Completed,IVM + ALB,No data,No data,No data,No data,No data,No data,No data,GNB
2012,6667687.0,Completed,IVM + ALB,Ongoing,14,100,6667687,5296185,79.43061814389307,79.43061814389307,SLE
2012,11925399.0,Completed,IVM + ALB,Ongoing,70,94.6,10390136,7649497,73.62268405341374,64.1445791457376,GHA
2012,514110.0,Completed,DEC + ALB,No MDA,0,0,0,0,0,0,COM
2012,3300000.0,In progress,IVM + ALB,Ongoing,4,23.52941176470588,556846,432450,77.66060993524242,13.104545454545455,CAF
2012,17091469.0,In progress,IVM + ALB,Ongoing,115,No data,10379029,8385808,80.79568907650224,49.06429049486618,CMR
2012,49140000.0,In progress,Not started,Not started,,,,,,,COD
2012,3577000.0,Not started,DEC + ALB,Not started,,,,,,,ERI
2012,3747913.0,Completed,IVM + ALB,Ongoing,13,48.1,813049,656329,80.72440898396037,17.511852596364964,BEN
2012,420000.0,Completed,IVM + ALB,Not started,,,,,,,GNQ
2013,8114652.0,Completed,IVM + ALB,Ongoing,13,26,1486044,732268,49.276333675180545,9.024022225475596,SEN
2013,3421741.0,Completed,DEC + ALB,No MDA,0,0,0,0,0,0,KEN
2013,10237354.0,Completed,IVM + ALB,Ongoing,91,100,10237354,7859416,76.77194712618125,76.77194712618125,GHA
2013,17091469.0,In progress,IVM + ALB,Ongoing,131,No data,11692158,9338427,79.86914819317357,54.637942472937816,CMR
2013,1668680.0,Completed,IVM + ALB,Ongoing,33,28.4,380998,264358,69.38566606648854,15.842342450320013,GNB
2013,2600000.0,In progress,IVM + ALB,Ongoing,5,No data,111756,103724,92.81291384802606,3.9893846153846155,COG
2013,7270000.0,In progress,IVM + ALB,Not started,,,,,,,TCD
2013,1200000.0,Completed,DEC + ALB,Not started,,,,,,,GMB
2013,6820160.0,Completed,IVM + ALB,Ongoing,14,100,6820160,5494161,80.55765553887298,80.55765553887298,SLE
2013,6067135.0,Completed,IVM + ALB,Not started,,,,,,,GIN
2013,1659558.0,In progress,IVM + ALB,Not started,,,,,,,SSD
2013,13113401.0,Completed,IVM + ALB,Ongoing,47,100,13113401,9368472,71.44196993594568,71.44196993594568,BFA
2013,17443064.0,Completed,IVM + ALB,Ongoing,5,8.200000000000001,2143114,1500714,70.02492634549539,8.60349993556178,CIV
2013,1290600.0,Completed,IVM + ALB,Not started,,,,,,,GAB
2013,12090000.0,In progress,IVM + ALB,Not started,,,,,,,AGO
2013,114286356.0,In progress,IVM + ALB,Ongoing,181,No data,30612903,22538959,73.6256832617279,19.72147838889885,NGA
2013,49140000.0,In progress,Not started,Not started,,,,,,,COD
2013,12604890.0,Completed,IVM + ALB,Ongoing,30,100,11847215,8189778,69.12829724116595,64.97302237464983,NER
2013,39900484.0,Completed,IVM + ALB,Ongoing,102,67.5,22188391,17114802,77.13403824549513,42.89372028670129,TZA
2013,17726780.0,Completed,IVM + ALB,Ongoing,94,90.4,13493469,11467739,84.98732979636297,64.69160783853583,MOZ
2013,,,,Surveillance,,,,,,,TGO
2013,14875650.0,Completed,IVM + ALB,Ongoing,45,83.3,11277331,7532845,66.79634569562603,50.63876200367715,UGA
2013,420000.0,Completed,IVM + ALB,Not started,,,,,,,GNQ
2013,17309000.0,Completed,IVM + ALB,Ongoing,45,100,14877567,12207072,82.05019006131849,70.52442082153793,MLI
2013,514110.0,Completed,DEC + ALB,No MDA,0,0,0,0,0,0,COM
2013,3300000.0,In progress,IVM + ALB,No MDA,0,0,0,0,0,0,CAF
2013,3747913.0,Completed,IVM + ALB,Ongoing,25,92.60000000000001,1095832,1155182,105.41597617152993,30.822006807521944,BEN
2013,3577000.0,Not started,DEC + ALB,Not started,,,,,,,ERI
2013,8780000.0,In progress,DEC + ALB,Ongoing,7,No data,832635,692310,83.14687708299556,7.885079726651481,ZMB
2013,14989401.0,Completed,IVM + ALB,Ongoing,26,100,14989401,12443745,83.01695978378322,83.01695978378322,MWI
2013,410000.0,Completed,DEC + ALB,Not started,,,,,,,STP
2013,30000000.0,In progress,IVM + ALB,Ongoing,33,No data,1917036,1422298,74.19255559102697,4.740993333333334,ETH
2013,2938370.0,Completed,IVM + ALB,Ongoing,13,100,2438849,2445275,100.26348494720256,83.21875733825216,LBR
2013,17784306.0,Completed,DEC + ALB,Ongoing,62,63.3,11886858,7892186,66.394214518252,44.37725036894889,MDG
2013,6000000.0,In progress,DEC + ALB,Not started,,,,,,,ZWE
2014,11650319.0,Completed,IVM + ALB,Ongoing,41,100,8104933,8202072,101.19851700192956,70.40212375300625,BFA
2014,8351297.0,Completed,IVM + ALB,Ongoing,6,12,944057,662895,70.21768812688217,7.937629328713851,SEN
2014,12090000.0,In progress,IVM + ALB,Not started,,,,,,,AGO
2014,3603390.0,Completed,DEC + ALB,No MDA,0,0,0,0,0,0,KEN
2014,6067135.0,Completed,IVM + ALB,Ongoing,4,16.666666666666664,1145792,956726,83.4990993129643,15.768991459725223,GIN
2014,10236777.0,Completed,IVM + ALB,Ongoing,28,100,8189428,7165277,87.49423036627222,69.99543899412872,NER
2014,2938370.0,Completed,IVM + ALB,No MDA,0,0,0,0,0,0,LBR
2014,18218250.0,Completed,IVM + ALB,Ongoing,104,100,14392416,13976842,97.1125487201037,76.71890549311816,MOZ
2014,3767037.0,Completed,IVM + ALB,Ongoing,25,92.5925925925926,2182998,1273314,58.32868376425447,33.801473147197655,BEN
2014,6000000.0,In progress,DEC + ALB,Not started,,,,,,,ZWE
2014,17092155.0,Completed,IVM + ALB,Ongoing,13,21.311475409836063,1541568,1445937,93.79651108481754,8.45965298114837,MLI
2014,18349339.0,Completed,DEC + ALB,Ongoing,61,62.244897959183675,11964434,8784209,73.4193443668125,47.87207321201053,MDG
2014,194850.0,Completed,DEC + ALB,Not started,,,,,,,STP
2014,7270000.0,In progress,IVM + ALB,Not started,,,,,,,TCD
2014,,,,Surveillance,,,,,,,MWI
2014,119839648.0,In progress,IVM + ALB,Ongoing,354,64.71663619744058,56438928,42725649,75.70244601385767,35.652348544949,NGA
2014,514110.0,Completed,DEC + ALB,No MDA,0,0,0,0,0,0,COM
2014,1668680.0,Completed,IVM + ALB,Ongoing,33,28.448275862068968,399237,294761,73.83108279042273,17.66432149962845,GNB
2014,1200000.0,Completed,DEC + ALB,Not started,,,,,,,GMB
2014,13976113.0,Completed,IVM + ALB,Ongoing,48,88.88888888888889,11184941,7633180,68.2451521201587,54.61590071574264,UGA
2014,27752292.0,Completed,DEC + ALB,Ongoing,107,100,20890086,21663918,103.70430260555175,78.06172549640225,TZA
2014,1290600.0,Completed,IVM + ALB,Not started,,,,,,,GAB
2014,2600000.0,In progress,IVM + ALB,Ongoing,5,50,126363,104152,82.4228611223222,4.005846153846154,COG
2014,15998796.0,In progress,IVM + ALB,Ongoing,132,83.01886792452831,11431502,10579526,92.54712110447079,66.12701355777023,CMR
2014,37012273.0,In progress,IVM + ALB,Ongoing,71,30.869565217391305,7996046,7673271,95.96331736960994,20.7316935115009,COD
2014,12602196.0,Completed,IVM + ALB,Ongoing,93,100,10081748,8126475,80.6058135950234,64.48459458970484,GHA
2014,3300000.0,In progress,IVM + ALB,Ongoing,4,50,306310,242741,79.2468414351474,7.355787878787878,CAF
2014,87250.0,Completed,DEC + ALB,Not started,,,,,,,ERI
2014,,,,Surveillance,,,,,,,TGO
2014,8780000.0,In progress,DEC + ALB,No MDA,0,0,0,0,0,0,ZMB
2014,6820160.0,Completed,IVM + ALB,No MDA,0,0,0,0,0,0,SLE
2014,1659558.0,In progress,IVM + ALB,Not started,,,,,,,SSD
2014,10994709.0,Completed,IVM + ALB,Ongoing,33,29.20353982300885,1697049,1475387,86.93838539723956,13.419063660529806,ETH
2014,17385022.0,Completed,IVM + ALB,Ongoing,33,54.09836065573771,7447421,5793572,77.79299706569563,33.325077184256656,CIV
2014,420000.0,Completed,IVM + ALB,Not started,,,,,,,GNQ
2015,1659558.0,In progress,IVM + ALB,Not started,,,,,,,SSD
2015,3300000.0,In progress,IVM + ALB,No MDA,0,0,0,0,0,0,CAF
2015,420000.0,Completed,IVM + ALB,Not started,,,,,,,GNQ
2015,3918406.0,Completed,DEC + ALB,Ongoing,7,58.32999999999999,1800007,977783,54.32106652918572,24.953590822390534,KEN
2015,6976957.0,Completed,IVM + ALB,Ongoing,14,100,6976957,5398483,77.3758961105823,77.3758961105823,SLE
2015,8258869.0,Completed,IVM + ALB,Ongoing,50,100,8258869,4627752,56.03372568326244,56.03372568326244,SEN
2015,69634.0,Completed,DEC + ALB,Not started,,,,,,,ERI
2015,15923224.0,Completed,IVM + ALB,Ongoing,53,96.36,11535870,9713502,84.20259590303982,61.002106106150364,MLI
2015,1290600.0,Completed,IVM + ALB,Not started,,,,,,,GAB
2015,,,,Surveillance,,,,,,,MWI
2015,2787902.0,Completed,IVM + ALB,Ongoing,10,76.9,1701292,1696195,99.70040416342403,60.841270604203444,LBR
2015,514110.0,Completed,DEC + ALB,No MDA,0,0,0,0,0,0,COM
2015,3898884.0,Completed,IVM + ALB,Ongoing,25,92.59,2828096,1631338,57.68326110570504,41.84115249389313,BEN
2015,188134.0,Completed,DEC + ALB,Not started,,,,,,,STP
2015,18813918.0,Completed,DEC + ALB,Ongoing,61,61.62,12417330,8800912,70.87604178998222,46.778730512166575,MDG
2015,11636753.0,Completed,DEC + ALB,Ongoing,83,97.65,11636765,10737905,92.27568830340735,92.27578345952689,ZMB
2015,10719606.0,Completed,IVM + ALB,Ongoing,36,97.3,8663975,7753388,89.4899627480458,72.32903895908115,UGA
2015,3181835.0,Completed,IVM + ALB,Not started,,,,,,,TCD
2015,26962041.0,Completed,IVM + ALB,Ongoing,96,100,26962041,19715866,73.12453089141138,73.12453089141138,TZA
2015,,,,Classified as non-endemic,,,,,,,GMB
2015,37012273.0,In progress,IVM + ALB,Ongoing,84,36.52,14483749,11288740,77.94073205770135,30.49999117860176,COD
2015,984485.0,Completed,IVM + ALB,Ongoing,6,46.15,126672,103778,81.92655046103322,10.541349030203609,COG
2015,11113047.0,Completed,IVM + ALB,Ongoing,57,50.44,3732694,3287346,88.06899252925635,29.580960109320152,ETH
2015,120103208.0,In progress,IVM + ALB,Ongoing,428,78.53,74381366,59765252,80.3497639449106,49.76157839181115,NGA
2015,1565479.0,Completed,IVM + ALB,Ongoing,15,13.76,149624,116137,77.61923220873656,7.418623948325082,GNB
2015,2426930.0,Completed,IVM + ALB,Ongoing,29,100,2426930,1754833,72.30670023445258,72.30670023445258,GHA
2015,18218250.0,Completed,IVM + ALB,No MDA,0,0,0,0,0,0,MOZ
2015,12090000.0,In progress,IVM + ALB,Not started,,,,,,,AGO
2015,10886864.0,Completed,IVM + ALB,Ongoing,23,92,7753729,7055384,90.99343038685,64.80639420130535,NER
2015,7161619.0,Completed,IVM + ALB,Ongoing,9,37.5,1811810,1475362,81.43028242475756,20.60095629214567,GIN
2015,7466576.0,Completed,DEC + ALB,Not started,,,,,,,ZWE
2015,,,,Surveillance,,,,,,,TGO
2015,17848457.0,Completed,IVM + ALB,Ongoing,33,54.1,7127291,5900569,82.78838341243538,33.05926669179302,CIV
2015,6713705.0,Completed,IVM + ALB,Ongoing,30,100,6713705,5393933,80.34212107919546,80.34212107919546,BFA
2015,16968062.0,In progress,IVM + ALB,Ongoing,137,86.16,12388731,11021942,88.96748181875932,64.9569880166633,CMR
2016,16756532.0,Completed,IVM + ALB,Ongoing,61,100,16756532,12245009,73.07603387144786,73.07603387144786,CIV
2016,5396337.0,In progress,IVM + ALB,Ongoing,3,6.819999999999999,117656,46196,39.263615965186645,0.8560621769915406,AGO
2016,16417829.0,Completed,DEC + ALB,Ongoing,57,100,16417829,14040632,85.52063735101638,85.52063735101638,TZA
2016,2990390.0,Completed,IVM + ALB,Ongoing,25,100,2990390,1686564,56.399466290350084,56.399466290350084,BEN
2016,10886864.0,Completed,IVM + ALB,No MDA,0,0,0,0,0,0,NER
2016,18863123.0,Completed,DEC + ALB,Ongoing,61,62.24000000000001,12432961,8299638,66.75511971766018,43.99927838036151,MDG
2016,188134.0,Completed,DEC + ALB,Not started,,,,,,,STP
2016,38738084.0,Completed,IVM + ALB,Ongoing,115,47.5,20306774,16066055,79.11672725564387,41.47354061186918,COD
2016,,,,Surveillance,,,,,,,MWI
2016,69634.0,Completed,DEC + ALB,Ongoing,1,50,43957,21363,48.59976795504698,30.678978659850074,ERI
2016,123312522.0,In progress,IVM + ALB,Ongoing,443,85.85,98937995,66581876,67.29656892683138,53.99441591179199,NGA
2016,20180229.0,Completed,IVM + ALB,Ongoing,113,100,20180229,14915255,73.9102365984053,73.9102365984053,MOZ
2016,3300000.0,In progress,IVM + ALB,Ongoing,4,50,1056617,517336,48.96154424924074,15.676848484848485,CAF
2016,7677570.0,Completed,DEC + ALB,Ongoing,39,100,7677570,6037700,78.6407678471183,78.6407678471183,ZWE
2016,420000.0,Completed,IVM + ALB,Not started,,,,,,,GNQ
2016,,,,Eliminated as a public health problem,,,,,,,TGO
2016,18343000.0,Completed,IVM + ALB,Ongoing,59,90.77,16756785,12693257,75.74995442144778,69.19946028457721,MLI
2016,6909507.0,Completed,IVM + ALB,Ongoing,21,100,6909507,4991601,72.24250586908734,72.24250586908734,UGA
2016,5752504.0,Completed,IVM + ALB,Ongoing,47,67.14,3415849,2597923,76.05497198500285,45.161602669029,ETH
2016,7138404.0,Completed,IVM + ALB,Ongoing,14,100,7138404,5592547,78.34450109576314,78.34450109576314,SLE
2016,8582194.0,Completed,IVM + ALB,Ongoing,31,100,8582194,5485410,63.91617341672771,63.91617341672771,BFA
2016,514110.0,Completed,DEC + ALB,No data,No data,No data,No data,No data,No data,No data,COM
2016,1706362.0,Completed,IVM + ALB,Ongoing,84,77.1,1155771,837517,72.46392235140006,48.9,GNB
2016,3181835.0,Completed,IVM + ALB,Ongoing,13,59.089999999999996,2217581,1636687,73.80506055923098,51.43846239669876,TCD
2016,346189.0,Completed,IVM + ALB,Not started,,,,,,,GAB
2016,962668.0,Completed,IVM + ALB,Ongoing,6,50,551879,111748,20.24864145945035,11.608155667374422,COG
2016,7161619.0,Completed,IVM + ALB,Ongoing,24,100,7161619,5635966,78.69681422594527,78.69681422594527,GIN
2016,11298337.0,Completed,DEC + ALB,Ongoing,85,100,11298337,10404448,92.08831352791124,92.08831352791124,ZMB
2016,1790480.0,Completed,IVM + ALB,Ongoing,22,100,1790480,1319165,73.67661185827265,73.67661185827265,GHA
2016,1659558.0,In progress,IVM + ALB,Not started,,,,,,,SSD
2016,3678724.0,Completed,DEC + ALB,Ongoing,23,100,3678724,2209274,60.05544313734871,60.05544313734871,KEN
2016,8533698.0,Completed,IVM + ALB,Ongoing,50,100,8533698,6089986,71.36397374268459,71.36397374268459,SEN
2016,16968062.0,Completed,IVM + ALB,Ongoing,135,84.91,14861904,11999954,80.74304611306869,70.72082834209351,CMR
2016,2713821.0,Completed,IVM + ALB,Ongoing,13,100,2713821,2005547,73.90122635206964,73.90122635206964,LBR
2017,9948893.0,Completed,IVM + ALB,Ongoing,26,100,9948893,8375953,84.18979880475145,84.18979880475145,TZA
2017,4528441.0,Completed,IVM + ALB,Ongoing,25,78.10000000000001,3212481,3074858,95.71599022686826,67.90102819049646,TCD
2017,2342766.0,Completed,IVM + ALB,Ongoing,16,100,2342766,1731545,73.91028382689522,73.91028382689522,MLI
2017,5530123.0,Completed,IVM + ALB,Ongoing,24,96,4455623,4229398,94.9227077784633,76.47927541575477,BFA
2017,20479536.0,Completed,IVM + ALB,Ongoing,74,100,20479536,14817898,72.35465686331956,72.35465686331956,CIV
2017,1131640.0,Completed,IVM + ALB,Ongoing,81,98.8,1124039,831768,73.99814419250578,73.50111342829875,GNB
2017,3300000.0,In progress,IVM + ALB,No data,No data,No data,No data,No data,No data,No data,CAF
2017,3867250.0,Completed,DEC + ALB,Ongoing,23,100,3867250,3017897,78.03728747818217,78.03728747818217,KEN
2017,19762613.0,Completed,IVM + ALB,Ongoing,113,99.12280701754386,19851663,15799350,79.58703510129101,79.94565293567202,MOZ
2017,128342058.0,Completed,IVM + ALB,Ongoing,484,87.52260397830018,87871138,79831356,90.85048608338269,62.202022660412695,NGA
2017,770373.0,Completed,IVM + ALB,Ongoing,6,66.66666666666666,136373,106081,77.78739193242063,13.770082804044275,COG
2017,42633917.0,Completed,IVM + ALB,Ongoing,218,88.9795918367347,32286701,30372985,94.07274221048473,71.24136635158341,COD
2017,12223891.0,Completed,DEC + ALB,Ongoing,85,100,12223891,11398966,93.25153504722842,93.25153504722842,ZMB
2017,1401128.0,Completed,IVM + ALB,Ongoing,15,88.23529411764706,1032420,691799,67.00751632087716,49.37443260001941,GHA
2017,9799294.0,Completed,IVM + ALB,Ongoing,21,100,9799294,7018837,71.62594570588453,71.62594570588453,NER
2017,7319176.0,Completed,IVM + ALB,Ongoing,24,100,7319176,5588471,76.35382726142943,76.35382726142943,GIN
2017,7677570.0,Completed,DEC + ALB,Ongoing,39,100,7677570,3709275,48.313138141365044,48.313138141365044,ZWE
2017,420000.0,Completed,IVM + ALB,Not started,,,,,,,GNQ
2017,5633511.0,Completed,IVM + ALB,Ongoing,70,98.59154929577466,4719138,4236666,89.77626846258786,75.20471691632447,ETH
2017,3965762.0,In progress,IVM + ALB,Ongoing,3,8.571428571428571,116724,89235,76.4495733525239,2.2501350307960992,AGO
2017,5147599.0,In progress,IVM + ALB,Ongoing,3,12,397887,364529,91.61621264328818,7.081534517354596,SSD
2017,2427896.0,Completed,IVM + ALB,Ongoing,25,100,2427896,1980880,81.58833821547546,81.58833821547546,BEN
2017,2383502.0,Completed,IVM + ALB,Ongoing,13,100,2383502,2002850,84.02971761718682,84.02971761718682,LBR
2017,2990412.0,Completed,IVM + ALB,Ongoing,9,100,2990412,1979667,66.20047672360865,66.20047672360865,UGA
2017,19637679.0,Completed,DEC + ALB,No MDA,0,0,0,0,0,0,MDG
2017,828148.0,Completed,DEC + ALB,Ongoing,17,100,828148,382312,46.1646951994088,46.1646951994088,COM
2017,4288461.0,Completed,IVM + ALB,Ongoing,6,100,4288461,3464408,80.7844119370562,80.7844119370562,SLE
2017,72999.0,Completed,DEC + ALB,Ongoing,2,100,72999,55525,76.0626857902163,76.0626857902163,ERI
2017,10792844.0,Completed,IVM + ALB,Ongoing,93,79.48717948717949,7312324,6440400,88.07596599931841,59.67287213638963,CMR
2017,8805111.0,Completed,IVM + ALB,Ongoing,50,100,8805111,6321027,71.78815803684928,71.78815803684928,SEN
2017,346189.0,Completed,IVM + ALB,Not started,,,,,,,GAB
2017,188134.0,Completed,DEC + ALB,Not started,,,,,,,STP
2017,,,,Surveillance,,,,,,,MWI
2018,962668.0,Completed,IVM + ALB,Ongoing,6,50,305490,291799,95.51834757275198,30.311488488243093,COG
2018,7480197.0,Completed,IVM + ALB,Ongoing,24,100,7480197,5907574,78.97618204440337,78.97618204440337,GIN
2018,19637679.0,Completed,DEC + ALB,No data,No data,No data,No data,No data,No data,No data,MDG
2018,1398027.0,Completed,IVM + ALB,Ongoing,15,93.75,1202456,1197487,99.58676242623432,85.65549878507353,BEN
2018,1621568.0,Completed,IVM + ALB,Ongoing,18,100,1621568,931628,57.45229308915815,57.45229308915815,CMR
2018,48034532.0,Completed,IVM + ALB,Ongoing,182,95.51020408163265,29724069.95,28383005,95.48828625334332,76.64389235644057,COD
2018,3955338.0,In progress,IVM + ALB,Ongoing,1,3.0303030303030303,55306,29712,53.72292337178606,0.75118738272178,AGO
2018,828148.0,Completed,DEC + ALB,No data,No data,No data,No data,No data,No data,No data,COM
2018,7677570.0,Completed,DEC + ALB,No MDA,0,0,0,0,0,0,ZWE
2018,9986963.0,Completed,IVM + ALB,Ongoing,24,100,9986963,9108052,91.19941667952509,91.19941667952509,TZA
2018,48034532.0,Completed,2 * ALB,Ongoing,52,95.51020408163265,8934584.588317692,8432529.96882094,94.38077266453769,76.64389235644057,COD
2018,201784.0,Completed,DEC + ALB,Ongoing,7,100,201784,162512,80.53760456726003,80.53760456726003,STP
2018,8985524.0,Completed,IVM + ALB,Ongoing,17,100,8985524,6602315,73.47723961340485,73.47723961340485,NER
2018,6070736.023130594,Completed,IVM + ALB,Ongoing,59,79.72972972972973,4415895.317928643,4154844,94.08837168605949,68.44053149682837,ETH
2018,420000.0,Completed,IVM + ALB,Not started,,,,,,,GNQ
2018,20261154.0,Completed,IVM + ALB,Ongoing,114,100,20261154,16502496,81.4489441223338,81.4489441223338,MOZ
2018,9061189.0,Completed,IVM + ALB,Ongoing,47,94,7387584,5588601,75.64856115341632,61.67624359231443,SEN
2018,361121.0,Completed,IVM + ALB,Not started,,,,,,,GAB
2018,1307552.0,Completed,IVM + ALB,Ongoing,15,100,1127110,938015,83.22302171039206,71.7382559163995,GHA
2018,,,,Surveillance,,,,,,,MWI
2018,2713101.0,Completed,IVM + ALB,Ongoing,4,80,1867118,1640073,87.83981515897763,60.45012699490362,SLE
2018,970242.0,Completed,IVM + ALB,Ongoing,12,100,970242,665975,68.64009185337267,68.64009185337267,MLI
2018,2288222.0,Completed,IVM + ALB,Ongoing,10,100,2288222,1749542,76.4585778827404,76.4585778827404,BFA
2018,71584.0,Completed,DEC + ALB,Ongoing,2,100,71584,62777,87.6969713902548,87.6969713902548,ERI
2018,21002613.0,Completed,IVM + ALB,Ongoing,74,100,21002613,15581091,74.18644051575868,74.18644051575868,CIV
2018,12032435.0,Completed,DEC + ALB,Ongoing,69,100,10988619,11164092,101.59686126163807,92.78331443303038,ZMB
2018,4527450.0,Completed,IVM + ALB,Ongoing,30,93.75,4110117,3377900,82.18500835864283,74.60932754641134,TCD
2018,1076864.0,Completed,IVM + ALB,Ongoing,79,100,1076864,701302,65.12447254249376,65.12447254249376,GNB
2018,2888338.0,Completed,IVM + ALB,Ongoing,13,100,2888338,1960888,67.8898383776414,67.8898383776414,LBR
2018,3300000.0,In progress,IVM + ALB,Ongoing,1,62.5,120742,101806,84.31697338125922,30.661151515151513,CAF
2018,3300000.0,In progress,1 * ALB,Ongoing,4,62.5,1025957,910012,88.69884410360278,30.661151515151513,CAF
2018,3983268.0,Completed,DEC + ALB,Ongoing,23,100,3983268,3465107,86.99156069840141,86.99156069840141,KEN
2018,5904795.0,In progress,IVM + ALB,Ongoing,5,20.7,1039415,1035785,99.65076509382682,17.54142184445015,SSD
2018,131361930.0,Completed,IVM + ALB,Ongoing,510,92.2242314647378,94084219,84911508,90.25053181341708,64.63935784134719,NGA
2018,1975991.0,Completed,IVM + ALB,Ongoing,6,100,1975991,1570427,79.47541259044196,79.47541259044196,UGA
2019,8815619.0,Completed,IVM + ALB,Ongoing,44,93.62,6771522,6007315,88.71439832876568,68.14399533373663,SEN
2019,7677570.0,Completed,DEC + ALB,No MDA,0,0,0,0,0,0,ZWE
2019,134545208.0,Completed,IVM + ALB,Ongoing,506,91.5,95346194,82992655,87.04349016805013,61.68384309904222,NGA
2019,12032435.0,Completed,DEC + ALB,No MDA,0,0,0,0,0,0,ZMB
2019,2942778.0,Completed,IVM + ALB,Ongoing,5,100,2442506,2240077,91.71224144382859,76.12116850132765,SLE
2019,2040460.0,Completed,IVM + ALB,Ongoing,6,100,2040460,1593787,78.10920086647128,78.10920086647128,UGA
2019,8472338.0,Completed,IVM + ALB,Ongoing,14,28.000000000000004,1611815.4099999997,1418015,87.97626522257907,16.736997508834044,SSD
2019,7954815.0,Completed,IVM + ALB,Ongoing,9,60,1131412,1161582,102.6665794600022,14.602250335174357,TZA
2019,201114.0,Completed,IVM + DEC + ALB,Ongoing,7,100,201114,144527,71.86322185427171,71.86322185427171,STP
2019,1844198.0,Completed,IVM + ALB,Ongoing,33,30.3,455588,339446,74.5,18.41,GNB
2019,72999.0,Completed,DEC + ALB,Ongoing,2,100,72999,62548,85.68336552555515,85.68336552555515,ERI
2019,46051090.0,Completed,2 * ALB,Ongoing,63,100,9687087,9452023,97.57342945304404,80.17999999999999,COD
2019,2114837.0,Completed,IVM + ALB,Ongoing,9,100,2114837,1696518,80.21979944553647,80.21979944553647,BFA
2019,21125734.0,Completed,DEC + ALB,Ongoing,18,18.75,3697752,3129919,84.64383225267676,14.815669836607807,MDG
2019,1031260.0,Completed,2 * ALB,Ongoing,7,100,482349,411744,85.36225844772146,51.60501910284506,COG
2019,1031260.0,Completed,IVM + ALB,Ongoing,6,100,548911,120438,21.941261880341255,51.60501910284506,COG
2019,420000.0,Completed,IVM + ALB,Not started,,,,,,,GNQ
2019,4102765.525000001,Completed,IVM + DEC + ALB,Ongoing,3,100,286640,288961,100.80972648618476,92.98593782056311,KEN
2019,296128.0,Completed,IVM + ALB,Ongoing,4,100,296128,251369,84.88525232331965,84.88525232331965,BEN
2019,4102765.525000001,Completed,DEC + ALB,Ongoing,20,100,3816126,3526034,92.39825938661355,92.98593782056311,KEN
2019,4442824.764846294,In progress,IVM + ALB,Ongoing,8,53.13,870373.4709680498,782984,89.95954335891543,53.826515151515196,CAF
2019,4442824.764846294,In progress,1 * ALB,Ongoing,9,53.13,1198514,993291,82.87687920207858,53.826515151515196,CAF
2019,7480197.0,Completed,IVM + ALB,No MDA,0,0,0,0,0,0,GIN
2019,788813.0,Completed,DEC + ALB,Ongoing,17,100,788813,502859,63.74882259800485,63.74882259800485,COM
2019,5919602.944410031,Completed,IVM + ALB,Ongoing,43,59.699999999999996,2979204.237980855,2880331,96.68121988011583,48.657503333394,ETH
2019,1349658.0,Completed,IVM + ALB,Ongoing,15,100,1349658,979438,72.56934719758635,72.56934719758635,GHA
2019,361121.0,Completed,IVM + ALB,Not started,,,,,,,GAB
2019,58244.0,Completed,IVM + ALB,Ongoing,1,100,58244,19060,32.72440079664858,32.72440079664858,CMR
2019,,,,Surveillance,,,,,,,MWI
2019,2963868.0,Completed,IVM + ALB,Ongoing,13,100,2963868,2496344,84.22588320397534,84.22588320397534,LBR
2019,1004177.0,Completed,IVM + ALB,No MDA,0,0,0,0,0,0,MLI
2019,6676439.0,Completed,IVM + ALB,Ongoing,13,84.61999999999999,4522872,4327341,95.67683984866252,64.8151057771965,NER
2019,21713670.0,Completed,IVM + ALB,Ongoing,74,100,21713670,15999219,73.68270310822629,73.68270310822629,CIV
2019,2394346.773,In progress,IVM + ALB,Ongoing,2,9.520000000000001,534899,263549,49.27079691680112,11.00713576545915,AGO
2019,46051090.0,Completed,IVM + ALB,Ongoing,182,100,27614316,27494725,99.56692391004724,80.17999999999999,COD
2019,18059542.021553796,Completed,IVM + ALB,Ongoing,60,60.61,9204631,8781876,95.40714885800419,48.62734608396471,MOZ
2019,5124862.0,Completed,IVM + ALB,Ongoing,32,100,5124862,3653785,71.29528560964178,71.29528560964178,TCD
2020,1892353.0,Completed,IVM + ALB,Ongoing,44,40.36697247706422,488790,415475,85.0007160539291,21.96,GNB
2020,72483.0,Completed,DEC + ALB,Ongoing,1,50,41799,36645,87.6695614727625,50.556682256529115,ERI
2020,19098527.26297629,Completed,IVM + ALB,Ongoing,94,98.94736842105263,19046576,14646173,76.8966191088624,76.6874467666149,MOZ
2020,21966154.0,Completed,IVM + ALB,Ongoing,62,62.62626262626263,11824112,10564594,89.3478850673945,48.094873595077225,CIV
2020,8180532.0,Completed,IVM + ALB,Ongoing,23,95.83333333333334,6278537,5228298,83.27,63.91146688259395,GIN
2020,8029929.0,Completed,DEC + ALB,No MDA,0,0,0,0,0,0,ZWE
2020,400225.0,Completed,DEC + ALB,Ongoing,7,100,400225,199102,49.74751702167531,49.74751702167531,COM
2020,,,,Surveillance,,,,,,,MLI
2020,315128.0,Completed,IVM + ALB,Ongoing,4,100,315128,262386,83.26330887766241,83.26330887766241,BEN
2020,1349658.0,Completed,IVM + ALB,No MDA,0,0,0,0,0,0,GHA
2020,4134781.0,Completed,IVM + ALB,Ongoing,11,100,4134781,3230756,78.13608507923394,78.13608507923394,NER
2020,8238487.770482671,Completed,IVM + ALB,No MDA,0,0,0,0,0,0,TZA
2020,1655032.0059370326,Completed,IVM + ALB,Ongoing,4,100,1655032.0059370326,1162194,70.22184440125062,70.22184440125062,SLE
2020,6831470.119528587,Completed,IVM + ALB,Ongoing,32,34.78260869565217,2193061.555148932,2003380,91.35083305329061,29.325752216541133,ETH
2020,4442825.0,In progress,IVM + ALB,No MDA,0,0,0,0,0,0,CAF
2020,5352356.0,Completed,IVM + ALB,Ongoing,35,100,5352356,4164676,77.81014566295666,77.81014566295666,TCD
2020,358437.0,Completed,IVM + ALB,Not started,,,,,,,GAB
2020,21390404.0,Completed,IVM + DEC + ALB,Ongoing,17,25.53191489361702,2222979,1693114,76.16419228431758,13.025705358346668,MDG
2020,58244.0,Completed,IVM + ALB,No MDA,0,0,0,0,0,0,CMR
2020,21390404.0,Completed,DEC + ALB,Ongoing,7,25.53191489361702,1511370,1093137,72.32755711705275,13.025705358346668,MDG
2020,2948994.0,Completed,IVM + ALB,No MDA,0,0,0,0,0,0,LBR
2020,,,,Surveillance,,,,,,,UGA
2020,1062197.8,Completed,IVM + ALB,Ongoing,6,92.3076923076923,119744,98422,82.19367985034741,33.147498516754595,COG
2020,12810245.0,Completed,DEC + ALB,Ongoing,47,55.294117647058826,7310008,6518924,89.17806929896656,50.888363181188176,ZMB
2020,1062197.8,Completed,1 * ALB,Ongoing,6,92.3076923076923,298266,253670,85.04824552580583,33.147498516754595,COG
2020,,,,Eliminated as a public health problem,,,,,,,MWI
2020,8560784.0,Completed,IVM + ALB,No MDA,0,0,0,0,0,0,SSD
2020,2186504.563648,Completed,IVM + ALB,Ongoing,9,100,2186504.563648,1697870,77.65225045619141,77.65225045619141,BFA
2020,3819439.0,In progress,IVM + ALB,Ongoing,33,86.8421052631579,2088781,939509,45,24.6,AGO
2020,210238.0,Completed,IVM + DEC + ALB,Ongoing,7,100,210238,152119,72.35561601613409,72.35561601613409,STP
2020,4225848.0,Completed,IVM + DEC + ALB,Ongoing,20,87,3804831,4023825,105.75568270969198,95.2193500570773,KEN
2020,136378141.1751459,Completed,IVM + ALB,Ongoing,436,79.70749542961609,87487445,75424759,86.21209477542749,55.3056073649915,NGA
2020,47298137.0,Completed,1 * ALB,Ongoing,27,11.020408163265307,4450725,4081777,91.71038426323801,8.629889587405948,COD
2020,420000.0,Completed,IVM + ALB,Not started,,,,,,,GNQ
2020,5590970.0,Completed,IVM + ALB,Ongoing,34,100,5590970,3912081,69.97141819755784,69.97141819755784,SEN
2021,48650774.0,Completed,2 * ALB,Ongoing,63,99.59183673469387,10948159.559999995,10767673.45,98.35144793962067,80.65134791072389,COD
2021,1089390.0,Completed,IVM + ALB,Ongoing,6,100,149819,124393,83.0295222902302,50.39480810361761,COG
2021,8758494.0,Completed,IVM + ALB,Ongoing,34,68,5090603,4628519,90.92280423360455,52.84606006466408,SSD
2021,5394895.0,Completed,IVM + ALB,Ongoing,36,100,5394895,4190702,77.67902804410465,77.67902804410465,TCD
2021,948512.0,Completed,1 * ALB,Ongoing,15,100,948512,191498,20.189307040923048,20.189307040923048,GNQ
2021,,,,Surveillance,,,,,,,UGA
2021,14349734.0,Completed,IVM + ALB,Ongoing,29,46.774193548387096,3865509,3558275,92.05191347374951,24.796801111435236,CIV
2021,73338.0,Completed,DEC + ALB,Ongoing,2,100,73338,62548,85.28729989909733,85.28729989909733,ERI
2021,407669.0,Completed,IVM + DEC + ALB,Ongoing,7,100,99550,94457,94.88397790055248,39.343437936168804,COM
2021,48650774.0,Completed,IVM + ALB,Ongoing,181,99.59183673469387,30164414,28469832,94.38218159981493,80.65134791072389,COD
2021,407669.0,Completed,DEC + ALB,Ongoing,7,100,69556,65934,94.79268503076658,39.343437936168804,COM
2021,8407131.0,Completed,IVM + ALB,Ongoing,23,95.83333333333334,6367943,5841495,91.73284057347874,69.48262136036656,GIN
2021,2103341.0,Completed,IVM + ALB,No MDA,0,0,0,0,0,0,BFA
2021,4306318.0,Completed,IVM + ALB,No MDA,0,0,0,0,0,0,NER
2021,8147166.0,Completed,DEC + ALB,No MDA,0,0,0,0,0,0,ZWE
2021,19580369.0,Completed,IVM + ALB,Ongoing,4,4.2105263157894735,638099,494085,77.43077484841695,2.5233691969747865,MOZ
2021,139910337.0,Completed,IVM + ALB,Ongoing,118,21.572212065813527,20887810,19121169,91.54223922948361,13.66673071482917,NGA
2021,3979650.0,In progress,IVM + ALB,No MDA,0,0,0,0,0,0,AGO
2021,,,,Surveillance,,,,,,,MLI
2021,,,,Surveillance,,,,,,,BEN
2021,21200377.0,Completed,DEC + ALB,No MDA,0,0,0,0,0,0,MDG
2021,,,,Surveillance,,,,,,,STP
2021,13185586.0,Completed,DEC + ALB,Ongoing,35,41.17647058823529,4643319,4876548,105.02289418409548,36.98393078623885,ZMB
2021,3021540.0,Completed,IVM + ALB,Ongoing,13,100,3021540,2162942,71.58409287978978,71.58409287978978,LBR
2021,6729162.377092907,Completed,IVM + ALB,Ongoing,29,35.80246913580247,2126081.741028118,1761919.8699999999,82.87169002015798,26.18,ETH
2021,4323890.0,Completed,IVM + DEC + ALB,No MDA,0,0,0,0,0,0,KEN
2021,1089390.0,Completed,2 * ALB,Ongoing,2,100,103368,87947,85.08145654361118,50.39480810361761,COG
2021,358437.0,Completed,IVM + ALB,Not started,,,,,,,GAB
2021,59799.0,Completed,IVM + ALB,Ongoing,1,100,59799,20189,33.761434137694614,33.761434137694614,CMR
2021,1941909.0,Completed,IVM + ALB,Ongoing,27,24.770642201834864,277243,232561,83.883452422604,11.975895883895692,GNB
2021,6389657.0,In progress,1 * ALB,Ongoing,11,68.75,2808793,2742180,97.62841191928348,76.96258187254809,CAF
2021,6389657.0,In progress,IVM + ALB,Ongoing,11,68.75,3006014,2175465,72.37042142850964,76.96258187254809,CAF
2021,1089390.0,Completed,1 * ALB,Ongoing,11,100,465706,377890,81.85877407859084,50.39480810361761,COG
2021,1693098.0,Completed,IVM + ALB,Ongoing,4,100,1693098,1255575,74.15843619211645,74.15843619211645,SLE
2021,5764573.0,Completed,IVM + ALB,Ongoing,10,29.411764705882355,1241032,1123495,90.52909191704968,19.489648235871073,SEN
2021,7920891.0,Completed,IVM + ALB,Ongoing,19,100,6680234,6130377,91.76889611950719,77.4,TZA
2021,1116519.0,Completed,IVM + ALB,Ongoing,11,100,1116519,778905,69.76191179908268,69.76191179908268,GHA
2022,2043809.0,Completed,IVM + ALB,Ongoing,8,100,2043809,1651955,80.82726908434203,80.8,BFA
2022,5564295.0,Completed,IVM + ALB,Ongoing,12,33.3,1630388,1285239,78.83025390275198,23.1,TCD
2022,,,,Surveillance,,,,,,,BEN
2022,6674768.0,Completed,IVM + ALB,Ongoing,20,10,6674768,5609629,84.04230678879027,84,TZA
2022,,Completed,DEC + ALB,Pending impact survey,,,,,,,ZMB
2022,,,,Surveillance,,,,,,,UGA
2022,,Completed,IVM + ALB,Surveillance,,,,,,,CMR
2022,407669.0,Completed,DEC + ALB,No MDA,0,0,0,0,0,0,COM
2022,4105407.0,In progress,IVM + ALB,No MDA,0,0,0,0,0,0,AGO
2022,6389657.0,In progress,IVM + ALB,No MDA,0,0,0,0,0,0,CAF
2022,352247.9630296384,Completed,IVM + ALB,Ongoing,1,100,352248,266216,75.57629851695397,75.6,NER
2022,1114335.0,Completed,2 * ALB,Ongoing,13,100,564761,483955,85.69200068701628,55.4,COG
2022,1992894.0,Completed,IVM + ALB,Ongoing,54,49.5,733463,562458,76.68525883377893,28.2,GNB
2022,8352700.0,Completed,DEC + ALB,No MDA,0,0,0,0,0,0,ZWE
2022,4214924.0,Completed,DEC + ALB,Ongoing,20,100,4214924,4077735,96.74516076683707,96.7,KEN
2022,8637776.0,Completed,IVM + ALB,Ongoing,13,54.2,3667966,3483940,94.98288697332528,40.3,GIN
2022,1114335.0,Completed,IVM + ALB,Ongoing,6,100,160843,133572,83.04495688342047,55.4,COG
2022,781981.0,Completed,IVM + ALB,Ongoing,8,100,781981,551739,70.55657362519038,70.6,GHA
2022,3415587.0,Completed,IVM + ALB,Ongoing,13,100,3415587,2490903,72.92752314609466,72.9,LBR
2022,567069.0,Completed,IVM + ALB,Ongoing,1,100,567069,541099,95.42031040314318,95.4,SLE
2022,375091.0,Completed,IVM + ALB,Not started,,,,,,,GAB
2022,,,,Surveillance,,,,,,,STP
2022,3708905.3707729923,Completed,IVM + ALB,Ongoing,33,70.2,2554710.8059905907,1843701,72.1686773969355,49.7,ETH
2022,9198157.269300004,Completed,IVM + ALB,Ongoing,47,100,8441334.549100004,5211424,61.73696788922588,61.4,SSD
2022,22923380.0,Completed,DEC + ALB,Ongoing,40,53.2,9101686,6669842,73.28138984359602,34.5,MDG
2022,22923380.0,Completed,IVM + DEC + ALB,Ongoing,10,53.2,1568174,1239506,79.04135638009558,34.5,MDG
2022,9198157.269300004,Completed,1 * ALB,Ongoing,4,100,756822.7202,434093,57.357289681431,61.4,SSD
2022,45243848.0,Completed,1 * ALB,Ongoing,4,100,412205,404650,98.16717410026564,80.9,COD
2022,9998618.815808982,Completed,IVM + ALB,No MDA,0,0,0,0,0,0,MOZ
2022,1679019.0,Completed,IVM + ALB,Ongoing,10,90.9,1554323,1177785,75.774790696657,70.2,CIV
2022,45243848.0,Completed,IVM + ALB,Ongoing,159,100,27650564,26317111,95.17748354066123,80.9,COD
2022,45243848.0,Completed,2 * ALB,Ongoing,55,100,9854511,9872237,100.17987701266964,80.9,COD
2022,138928998.30150232,Completed,IVM + ALB,Ongoing,455,86.5,119375412,84598467,70.86758117324864,60.9,NGA
2022,30358.0,Completed,DEC + ALB,Ongoing,1,100,30358,26688,87.91092957375322,87.9,ERI
2022,497754.0,Completed,IVM + ALB,Ongoing,3,100,497754,367013,73.73381228478326,73.7,SEN
2022,,,,Surveillance,,,,,,,MLI
2022,948512.0,Completed,1 * ALB,No MDA,0,0,0,0,0,0,GNQ
2023,,,,Surveillance,,,,,,,STP
2023,78844014.0,Completed,IVM + ALB,Ongoing,233,84.4,65572365,48364752.56,73.75782856085792,61.3,NGA
2023,2796796.0,Completed,IVM + ALB,Ongoing,7,100,2796796,1272258,45.48983908729846,45.5,LBR
2023,4323377.0,In progress,IVM + ALB,Ongoing,24,63.2,2855501,745267,26.099342987447738,17.2,AGO
2023,1788077.9999999998,Completed,IVM + ALB,Ongoing,7,100,1788077.9999999998,1393420,77.92836777813945,77.9,BFA
2023,,Completed,DEC + ALB,Pending impact survey,,,,,,,KEN
2023,,,,Surveillance,,,,,,,MLI
2023,,,,Surveillance,,,,,,,BEN
2023,914231.0,Completed,IVM + ALB,Ongoing,46,70.8,609208,391310,64.23257737915458,42.8,GNB
2023,21278009.0,Completed,IVM + DEC + ALB,Ongoing,25,100,5049572,4146143,82.1088005082411,76.3,MDG
2023,11551260.0,Completed,IVM + ALB,Ongoing,35,67.3,8806389,7418277,84.23744397391485,64.2,MOZ
2023,,Completed,DEC + ALB,Pending impact survey,,,,,,,ZMB
2023,21278009.0,Completed,DEC + ALB,Ongoing,58,100,16228437,12079665,74.43517203782471,76.3,MDG
2023,800477.0,Completed,IVM + ALB,Ongoing,7,100,800477,529561,66.15567967599318,66.2,GHA
2023,,Completed,IVM + ALB,Surveillance,,,,,,,CMR
2023,1139852.0,Completed,IVM + ALB,Ongoing,6,100,606712,123152,20.298263426469234,51.2,COG
2023,1139852.0,Completed,1 * ALB,Ongoing,13,100,1139852,460013,40.357256907037055,51.2,COG
2023,443284.0,Completed,IVM + ALB,Ongoing,1,100,443284,356242,80.36428113805145,80.4,CIV
2023,,,,Surveillance,,,,,,,UGA
2023,37986763.0,Completed,IVM + ALB,Ongoing,125,100,24985408,19667308,78.71517647420447,79.4,COD
2023,37986763.0,Completed,2 * ALB,Ongoing,60,100,13001355,10492227,80.7010269314237,79.4,COD
2023,407669.0,Completed,DEC + ALB,Surveillance,,,,,,,COM
2023,997308.0,Completed,2 * ALB,Ongoing,15,100,997308,221521,22.21189441977804,22.2,GNQ
2023,379571.0,Completed,IVM + ALB,Ongoing,1,100,379571,274078,72.20730772371967,72.2,NER
2023,75971.0,Completed,DEC + ALB,Ongoing,2,100,75971,54553,71.80766345052717,71.8,ERI
2023,4853283.0,Completed,IVM + ALB,No MDA,,,,,,,TCD
2023,9610780.0,Completed,IVM + ALB,Ongoing,36,70.6,7066599,4980281,70.47634937259069,51.8,SSD
2023,6999367.0,In progress,1 * ALB,Ongoing,5,53.1,1543562,1163534,75.37980333799355,40.5,CAF
2023,6999367.0,In progress,IVM + ALB,Ongoing,12,53.1,2828179,1673019,59.15534342062507,40.5,CAF
2023,3912185.0,Completed,IVM + ALB,Ongoing,40,85.1,3515268,2418452,68.79850981489889,61.8,ETH
2023,493233.0,Completed,IVM + ALB,Ongoing,1,100,493233,371530,75.32545470396344,75.3,SLE
2023,384580.0,Completed,IVM + ALB,Not started,,,,,,,GAB
2023,3094046.0,Completed,IVM + ALB,Ongoing,7,38.9,1134351,909569,80.18408764130326,29.4,TZA
2023,5166873.0,Completed,IVM + ALB,Ongoing,12,85.7,4370677,3036941,69.48445286622645,58.8,GIN
2023,213409.0,Completed,IVM + ALB,Ongoing,1,100,213409,155263,72.75372641266301,72.8,SEN
2023,8352700.0,Completed,DEC + ALB,No MDA,,,,,,,ZWE
